GEO.id,GEO.id2,GEO.display-label,HD01_VD01,HD02_VD01,HD01_VD02,HD02_VD02,HD01_VD03,HD02_VD03
Id,Id2,Geography,Estimate; Total:,Margin of Error; Total:,Estimate; Owner occupied,Margin of Error; Owner occupied,Estimate; Renter occupied,Margin of Error; Renter occupied
1400000US11001000100,11001000100,"Census Tract 1, District of Columbia, District of Columbia",2463,183,1289,159,1174,189
1400000US11001000201,11001000201,"Census Tract 2.01, District of Columbia, District of Columbia",80,35,70,44,10,16
1400000US11001000202,11001000202,"Census Tract 2.02, District of Columbia, District of Columbia",1601,108,979,144,622,142
1400000US11001000300,11001000300,"Census Tract 3, District of Columbia, District of Columbia",2455,158,1356,170,1099,178
1400000US11001000400,11001000400,"Census Tract 4, District of Columbia, District of Columbia",627,53,453,63,174,56
1400000US11001000501,11001000501,"Census Tract 5.01, District of Columbia, District of Columbia",1903,86,457,101,1446,120
1400000US11001000502,11001000502,"Census Tract 5.02, District of Columbia, District of Columbia",1663,100,886,117,777,117
1400000US11001000600,11001000600,"Census Tract 6, District of Columbia, District of Columbia",2040,97,1434,122,606,122
1400000US11001000701,11001000701,"Census Tract 7.01, District of Columbia, District of Columbia",2951,178,1938,174,1013,181
1400000US11001000702,11001000702,"Census Tract 7.02, District of Columbia, District of Columbia",1912,173,522,157,1390,163
1400000US11001000801,11001000801,"Census Tract 8.01, District of Columbia, District of Columbia",3170,159,1974,181,1196,189
1400000US11001000802,11001000802,"Census Tract 8.02, District of Columbia, District of Columbia",1325,83,882,83,443,98
1400000US11001000901,11001000901,"Census Tract 9.01, District of Columbia, District of Columbia",1538,107,1294,116,244,97
1400000US11001000902,11001000902,"Census Tract 9.02, District of Columbia, District of Columbia",833,61,779,69,54,42
1400000US11001001001,11001001001,"Census Tract 10.01, District of Columbia, District of Columbia",2738,76,2211,130,527,112
1400000US11001001002,11001001002,"Census Tract 10.02, District of Columbia, District of Columbia",1712,171,790,139,922,149
1400000US11001001100,11001001100,"Census Tract 11, District of Columbia, District of Columbia",1782,116,1494,126,288,84
1400000US11001001200,11001001200,"Census Tract 12, District of Columbia, District of Columbia",2430,117,1236,137,1194,139
1400000US11001001301,11001001301,"Census Tract 13.01, District of Columbia, District of Columbia",1991,109,630,122,1361,163
1400000US11001001302,11001001302,"Census Tract 13.02, District of Columbia, District of Columbia",4436,221,1682,198,2754,241
1400000US11001001401,11001001401,"Census Tract 14.01, District of Columbia, District of Columbia",1482,45,802,71,680,81
1400000US11001001402,11001001402,"Census Tract 14.02, District of Columbia, District of Columbia",1437,79,893,106,544,120
1400000US11001001500,11001001500,"Census Tract 15, District of Columbia, District of Columbia",2258,94,2095,111,163,74
1400000US11001001600,11001001600,"Census Tract 16, District of Columbia, District of Columbia",1639,84,1461,103,178,87
1400000US11001001701,11001001701,"Census Tract 17.01, District of Columbia, District of Columbia",1132,101,642,110,490,122
1400000US11001001702,11001001702,"Census Tract 17.02, District of Columbia, District of Columbia",984,98,744,96,240,86
1400000US11001001801,11001001801,"Census Tract 18.01, District of Columbia, District of Columbia",0,132,0,132,0,132
1400000US11001001803,11001001803,"Census Tract 18.03, District of Columbia, District of Columbia",1534,97,401,119,1133,131
1400000US11001001804,11001001804,"Census Tract 18.04, District of Columbia, District of Columbia",1911,89,494,104,1417,131
1400000US11001001901,11001001901,"Census Tract 19.01, District of Columbia, District of Columbia",1642,38,1298,139,344,137
1400000US11001001902,11001001902,"Census Tract 19.02, District of Columbia, District of Columbia",887,30,688,91,199,94
1400000US11001002001,11001002001,"Census Tract 20.01, District of Columbia, District of Columbia",1045,102,407,101,638,120
1400000US11001002002,11001002002,"Census Tract 20.02, District of Columbia, District of Columbia",1356,107,901,127,455,132
1400000US11001002101,11001002101,"Census Tract 21.01, District of Columbia, District of Columbia",1714,132,918,98,796,128
1400000US11001002102,11001002102,"Census Tract 21.02, District of Columbia, District of Columbia",1987,145,1173,169,814,166
1400000US11001002201,11001002201,"Census Tract 22.01, District of Columbia, District of Columbia",1084,92,887,114,197,88
1400000US11001002202,11001002202,"Census Tract 22.02, District of Columbia, District of Columbia",1263,94,487,94,776,124
1400000US11001002301,11001002301,"Census Tract 23.01, District of Columbia, District of Columbia",1022,80,731,95,291,85
1400000US11001002302,11001002302,"Census Tract 23.02, District of Columbia, District of Columbia",553,48,223,56,330,69
1400000US11001002400,11001002400,"Census Tract 24, District of Columbia, District of Columbia",1291,90,990,120,301,108
1400000US11001002501,11001002501,"Census Tract 25.01, District of Columbia, District of Columbia",962,60,548,96,414,92
1400000US11001002502,11001002502,"Census Tract 25.02, District of Columbia, District of Columbia",1726,137,713,114,1013,148
1400000US11001002600,11001002600,"Census Tract 26, District of Columbia, District of Columbia",971,47,733,68,238,73
1400000US11001002701,11001002701,"Census Tract 27.01, District of Columbia, District of Columbia",2605,160,765,159,1840,197
1400000US11001002702,11001002702,"Census Tract 27.02, District of Columbia, District of Columbia",2116,182,883,172,1233,215
1400000US11001002801,11001002801,"Census Tract 28.01, District of Columbia, District of Columbia",1426,118,379,85,1047,127
1400000US11001002802,11001002802,"Census Tract 28.02, District of Columbia, District of Columbia",1651,116,289,93,1362,131
1400000US11001002900,11001002900,"Census Tract 29, District of Columbia, District of Columbia",1266,98,567,117,699,127
1400000US11001003000,11001003000,"Census Tract 30, District of Columbia, District of Columbia",1178,116,366,101,812,122
1400000US11001003100,11001003100,"Census Tract 31, District of Columbia, District of Columbia",921,94,554,117,367,120
1400000US11001003200,11001003200,"Census Tract 32, District of Columbia, District of Columbia",1485,148,950,143,535,131
1400000US11001003301,11001003301,"Census Tract 33.01, District of Columbia, District of Columbia",1187,112,917,140,270,110
1400000US11001003302,11001003302,"Census Tract 33.02, District of Columbia, District of Columbia",894,63,538,81,356,81
1400000US11001003400,11001003400,"Census Tract 34, District of Columbia, District of Columbia",1149,101,507,108,642,101
1400000US11001003500,11001003500,"Census Tract 35, District of Columbia, District of Columbia",782,104,232,88,550,106
1400000US11001003600,11001003600,"Census Tract 36, District of Columbia, District of Columbia",1840,114,541,117,1299,137
1400000US11001003700,11001003700,"Census Tract 37, District of Columbia, District of Columbia",1893,177,291,103,1602,173
1400000US11001003800,11001003800,"Census Tract 38, District of Columbia, District of Columbia",2524,182,790,156,1734,228
1400000US11001003900,11001003900,"Census Tract 39, District of Columbia, District of Columbia",2683,153,849,155,1834,207
1400000US11001004001,11001004001,"Census Tract 40.01, District of Columbia, District of Columbia",2057,164,1257,126,800,147
1400000US11001004002,11001004002,"Census Tract 40.02, District of Columbia, District of Columbia",1592,121,752,139,840,138
1400000US11001004100,11001004100,"Census Tract 41, District of Columbia, District of Columbia",1532,99,819,93,713,108
1400000US11001004201,11001004201,"Census Tract 42.01, District of Columbia, District of Columbia",2004,107,814,138,1190,149
1400000US11001004202,11001004202,"Census Tract 42.02, District of Columbia, District of Columbia",1583,111,672,107,911,111
1400000US11001004300,11001004300,"Census Tract 43, District of Columbia, District of Columbia",1727,172,418,118,1309,160
1400000US11001004400,11001004400,"Census Tract 44, District of Columbia, District of Columbia",1883,142,1119,182,764,169
1400000US11001004600,11001004600,"Census Tract 46, District of Columbia, District of Columbia",1044,114,524,99,520,93
1400000US11001004700,11001004700,"Census Tract 47, District of Columbia, District of Columbia",2117,171,271,110,1846,148
1400000US11001004801,11001004801,"Census Tract 48.01, District of Columbia, District of Columbia",847,91,479,70,368,103
1400000US11001004802,11001004802,"Census Tract 48.02, District of Columbia, District of Columbia",1227,92,245,76,982,105
1400000US11001004901,11001004901,"Census Tract 49.01, District of Columbia, District of Columbia",818,88,317,79,501,96
1400000US11001004902,11001004902,"Census Tract 49.02, District of Columbia, District of Columbia",1226,95,393,104,833,100
1400000US11001005000,11001005000,"Census Tract 50, District of Columbia, District of Columbia",4018,213,1408,231,2610,252
1400000US11001005100,11001005100,"Census Tract 51, District of Columbia, District of Columbia",865,94,309,87,556,83
1400000US11001005201,11001005201,"Census Tract 52.01, District of Columbia, District of Columbia",3582,211,1170,168,2412,223
1400000US11001005202,11001005202,"Census Tract 52.02, District of Columbia, District of Columbia",430,68,0,132,430,68
1400000US11001005301,11001005301,"Census Tract 53.01, District of Columbia, District of Columbia",3291,174,1343,198,1948,218
1400000US11001005302,11001005302,"Census Tract 53.02, District of Columbia, District of Columbia",110,32,71,35,39,27
1400000US11001005401,11001005401,"Census Tract 54.01, District of Columbia, District of Columbia",874,85,129,51,745,88
1400000US11001005402,11001005402,"Census Tract 54.02, District of Columbia, District of Columbia",0,132,0,132,0,132
1400000US11001005500,11001005500,"Census Tract 55, District of Columbia, District of Columbia",3304,228,1284,176,2020,211
1400000US11001005600,11001005600,"Census Tract 56, District of Columbia, District of Columbia",3066,198,1333,196,1733,200
1400000US11001005701,11001005701,"Census Tract 57.01, District of Columbia, District of Columbia",836,101,45,38,791,107
1400000US11001005702,11001005702,"Census Tract 57.02, District of Columbia, District of Columbia",0,132,0,132,0,132
1400000US11001005800,11001005800,"Census Tract 58, District of Columbia, District of Columbia",1429,130,616,119,813,121
1400000US11001005900,11001005900,"Census Tract 59, District of Columbia, District of Columbia",1356,131,106,46,1250,137
1400000US11001006001,11001006001,"Census Tract 60.01, District of Columbia, District of Columbia",2267,167,466,113,1801,172
1400000US11001006002,11001006002,"Census Tract 60.02, District of Columbia, District of Columbia",171,58,0,132,171,58
1400000US11001006100,11001006100,"Census Tract 61, District of Columbia, District of Columbia",1587,132,321,93,1266,154
1400000US11001006201,11001006201,"Census Tract 62.01, District of Columbia, District of Columbia",305,64,274,68,31,24
1400000US11001006202,11001006202,"Census Tract 62.02, District of Columbia, District of Columbia",0,132,0,132,0,132
1400000US11001006301,11001006301,"Census Tract 63.01, District of Columbia, District of Columbia",2807,163,2016,206,791,182
1400000US11001006302,11001006302,"Census Tract 63.02, District of Columbia, District of Columbia",0,132,0,132,0,132
1400000US11001006400,11001006400,"Census Tract 64, District of Columbia, District of Columbia",1044,71,154,79,890,103
1400000US11001006500,11001006500,"Census Tract 65, District of Columbia, District of Columbia",1405,128,826,143,579,134
1400000US11001006600,11001006600,"Census Tract 66, District of Columbia, District of Columbia",1056,88,540,97,516,102
1400000US11001006700,11001006700,"Census Tract 67, District of Columbia, District of Columbia",1799,114,1177,138,622,107
1400000US11001006801,11001006801,"Census Tract 68.01, District of Columbia, District of Columbia",803,82,445,97,358,104
1400000US11001006802,11001006802,"Census Tract 68.02, District of Columbia, District of Columbia",888,82,507,97,381,100
1400000US11001006804,11001006804,"Census Tract 68.04, District of Columbia, District of Columbia",9,14,9,14,0,132
1400000US11001006900,11001006900,"Census Tract 69, District of Columbia, District of Columbia",1030,81,669,105,361,97
1400000US11001007000,11001007000,"Census Tract 70, District of Columbia, District of Columbia",1171,75,600,115,571,120
1400000US11001007100,11001007100,"Census Tract 71, District of Columbia, District of Columbia",1130,103,387,80,743,115
1400000US11001007200,11001007200,"Census Tract 72, District of Columbia, District of Columbia",381,81,93,34,288,89
1400000US11001007301,11001007301,"Census Tract 73.01, District of Columbia, District of Columbia",798,128,14,24,784,123
1400000US11001007302,11001007302,"Census Tract 73.02, District of Columbia, District of Columbia",1418,146,383,89,1035,164
1400000US11001007304,11001007304,"Census Tract 73.04, District of Columbia, District of Columbia",1141,108,421,103,720,152
1400000US11001007308,11001007308,"Census Tract 73.08, District of Columbia, District of Columbia",0,132,0,132,0,132
1400000US11001007401,11001007401,"Census Tract 74.01, District of Columbia, District of Columbia",844,84,40,32,804,90
1400000US11001007403,11001007403,"Census Tract 74.03, District of Columbia, District of Columbia",1161,67,164,70,997,107
1400000US11001007404,11001007404,"Census Tract 74.04, District of Columbia, District of Columbia",1176,138,171,88,1005,159
1400000US11001007406,11001007406,"Census Tract 74.06, District of Columbia, District of Columbia",1021,72,66,41,955,72
1400000US11001007407,11001007407,"Census Tract 74.07, District of Columbia, District of Columbia",1068,83,449,100,619,136
1400000US11001007408,11001007408,"Census Tract 74.08, District of Columbia, District of Columbia",1015,84,99,72,916,104
1400000US11001007409,11001007409,"Census Tract 74.09, District of Columbia, District of Columbia",1488,98,420,100,1068,127
1400000US11001007502,11001007502,"Census Tract 75.02, District of Columbia, District of Columbia",1753,115,523,121,1230,127
1400000US11001007503,11001007503,"Census Tract 75.03, District of Columbia, District of Columbia",849,87,215,72,634,112
1400000US11001007504,11001007504,"Census Tract 75.04, District of Columbia, District of Columbia",1067,102,204,87,863,119
1400000US11001007601,11001007601,"Census Tract 76.01, District of Columbia, District of Columbia",1931,128,855,165,1076,184
1400000US11001007603,11001007603,"Census Tract 76.03, District of Columbia, District of Columbia",2172,116,1121,223,1051,227
1400000US11001007604,11001007604,"Census Tract 76.04, District of Columbia, District of Columbia",1822,100,677,109,1145,134
1400000US11001007605,11001007605,"Census Tract 76.05, District of Columbia, District of Columbia",1679,113,284,71,1395,125
1400000US11001007703,11001007703,"Census Tract 77.03, District of Columbia, District of Columbia",2141,121,564,130,1577,171
1400000US11001007707,11001007707,"Census Tract 77.07, District of Columbia, District of Columbia",1510,135,893,103,617,132
1400000US11001007708,11001007708,"Census Tract 77.08, District of Columbia, District of Columbia",1190,95,232,72,958,126
1400000US11001007709,11001007709,"Census Tract 77.09, District of Columbia, District of Columbia",1016,91,255,61,761,117
1400000US11001007803,11001007803,"Census Tract 78.03, District of Columbia, District of Columbia",1418,116,657,106,761,128
1400000US11001007804,11001007804,"Census Tract 78.04, District of Columbia, District of Columbia",1084,131,384,101,700,130
1400000US11001007806,11001007806,"Census Tract 78.06, District of Columbia, District of Columbia",819,107,401,95,418,117
1400000US11001007807,11001007807,"Census Tract 78.07, District of Columbia, District of Columbia",800,97,340,87,460,108
1400000US11001007808,11001007808,"Census Tract 78.08, District of Columbia, District of Columbia",1234,129,408,114,826,151
1400000US11001007809,11001007809,"Census Tract 78.09, District of Columbia, District of Columbia",1239,120,577,135,662,150
1400000US11001007901,11001007901,"Census Tract 79.01, District of Columbia, District of Columbia",1488,125,611,102,877,131
1400000US11001007903,11001007903,"Census Tract 79.03, District of Columbia, District of Columbia",876,82,539,94,337,106
1400000US11001008001,11001008001,"Census Tract 80.01, District of Columbia, District of Columbia",1127,102,821,113,306,84
1400000US11001008002,11001008002,"Census Tract 80.02, District of Columbia, District of Columbia",1476,113,981,136,495,117
1400000US11001008100,11001008100,"Census Tract 81, District of Columbia, District of Columbia",1323,99,723,100,600,107
1400000US11001008200,11001008200,"Census Tract 82, District of Columbia, District of Columbia",1526,80,656,90,870,127
1400000US11001008301,11001008301,"Census Tract 83.01, District of Columbia, District of Columbia",1166,86,798,101,368,92
1400000US11001008302,11001008302,"Census Tract 83.02, District of Columbia, District of Columbia",925,70,676,93,249,77
1400000US11001008402,11001008402,"Census Tract 84.02, District of Columbia, District of Columbia",1038,114,397,109,641,112
1400000US11001008410,11001008410,"Census Tract 84.10, District of Columbia, District of Columbia",487,94,358,109,129,72
1400000US11001008500,11001008500,"Census Tract 85, District of Columbia, District of Columbia",1355,91,790,111,565,102
1400000US11001008600,11001008600,"Census Tract 86, District of Columbia, District of Columbia",0,132,0,132,0,132
1400000US11001008701,11001008701,"Census Tract 87.01, District of Columbia, District of Columbia",723,95,554,116,169,88
1400000US11001008702,11001008702,"Census Tract 87.02, District of Columbia, District of Columbia",777,76,253,87,524,105
1400000US11001008802,11001008802,"Census Tract 88.02, District of Columbia, District of Columbia",1796,131,866,128,930,153
1400000US11001008803,11001008803,"Census Tract 88.03, District of Columbia, District of Columbia",441,83,97,53,344,74
1400000US11001008804,11001008804,"Census Tract 88.04, District of Columbia, District of Columbia",1237,131,342,115,895,149
1400000US11001008903,11001008903,"Census Tract 89.03, District of Columbia, District of Columbia",1191,124,261,84,930,146
1400000US11001008904,11001008904,"Census Tract 89.04, District of Columbia, District of Columbia",1565,115,128,58,1437,124
1400000US11001008905,11001008905,"Census Tract 89.05, District of Columbia, District of Columbia",0,132,0,132,0,132
1400000US11001009000,11001009000,"Census Tract 90, District of Columbia, District of Columbia",1504,82,555,115,949,119
1400000US11001009101,11001009101,"Census Tract 91.01, District of Columbia, District of Columbia",1638,149,1147,155,491,138
1400000US11001009102,11001009102,"Census Tract 91.02, District of Columbia, District of Columbia",1605,110,528,126,1077,158
1400000US11001009201,11001009201,"Census Tract 92.01, District of Columbia, District of Columbia",564,71,200,65,364,74
1400000US11001009203,11001009203,"Census Tract 92.03, District of Columbia, District of Columbia",1202,99,669,163,533,157
1400000US11001009204,11001009204,"Census Tract 92.04, District of Columbia, District of Columbia",1199,88,123,50,1076,97
1400000US11001009301,11001009301,"Census Tract 93.01, District of Columbia, District of Columbia",1194,81,1039,115,155,88
1400000US11001009302,11001009302,"Census Tract 93.02, District of Columbia, District of Columbia",440,86,273,87,167,74
1400000US11001009400,11001009400,"Census Tract 94, District of Columbia, District of Columbia",1795,68,1245,136,550,141
1400000US11001009501,11001009501,"Census Tract 95.01, District of Columbia, District of Columbia",1804,138,342,108,1462,174
1400000US11001009503,11001009503,"Census Tract 95.03, District of Columbia, District of Columbia",1140,86,1088,101,52,43
1400000US11001009504,11001009504,"Census Tract 95.04, District of Columbia, District of Columbia",1252,102,540,103,712,128
1400000US11001009505,11001009505,"Census Tract 95.05, District of Columbia, District of Columbia",1103,71,955,90,148,89
1400000US11001009507,11001009507,"Census Tract 95.07, District of Columbia, District of Columbia",660,57,501,72,159,73
1400000US11001009508,11001009508,"Census Tract 95.08, District of Columbia, District of Columbia",1296,94,856,103,440,99
1400000US11001009509,11001009509,"Census Tract 95.09, District of Columbia, District of Columbia",1220,74,1155,81,65,40
1400000US11001009601,11001009601,"Census Tract 96.01, District of Columbia, District of Columbia",822,84,280,68,542,95
1400000US11001009602,11001009602,"Census Tract 96.02, District of Columbia, District of Columbia",1316,79,87,47,1229,90
1400000US11001009603,11001009603,"Census Tract 96.03, District of Columbia, District of Columbia",1589,132,546,106,1043,153
1400000US11001009604,11001009604,"Census Tract 96.04, District of Columbia, District of Columbia",959,81,754,94,205,86
1400000US11001009700,11001009700,"Census Tract 97, District of Columbia, District of Columbia",1118,127,445,114,673,141
1400000US11001009801,11001009801,"Census Tract 98.01, District of Columbia, District of Columbia",387,64,125,53,262,79
1400000US11001009802,11001009802,"Census Tract 98.02, District of Columbia, District of Columbia",544,111,147,71,397,103
1400000US11001009803,11001009803,"Census Tract 98.03, District of Columbia, District of Columbia",985,113,186,71,799,118
1400000US11001009804,11001009804,"Census Tract 98.04, District of Columbia, District of Columbia",983,78,349,93,634,101
1400000US11001009806,11001009806,"Census Tract 98.06, District of Columbia, District of Columbia",2472,221,161,86,2311,221
1400000US11001009807,11001009807,"Census Tract 98.07, District of Columbia, District of Columbia",1339,121,653,106,686,137
1400000US11001009808,11001009808,"Census Tract 98.08, District of Columbia, District of Columbia",1126,101,66,42,1060,104
1400000US11001009809,11001009809,"Census Tract 98.09, District of Columbia, District of Columbia",0,132,0,132,0,132
1400000US11001009901,11001009901,"Census Tract 99.01, District of Columbia, District of Columbia",939,103,798,97,141,84
1400000US11001009902,11001009902,"Census Tract 99.02, District of Columbia, District of Columbia",1113,114,920,109,193,91
1400000US11001009903,11001009903,"Census Tract 99.03, District of Columbia, District of Columbia",521,94,336,79,185,70
1400000US11001009904,11001009904,"Census Tract 99.04, District of Columbia, District of Columbia",680,116,88,59,592,101
1400000US11001009905,11001009905,"Census Tract 99.05, District of Columbia, District of Columbia",1122,111,336,94,786,130
1400000US11001009906,11001009906,"Census Tract 99.06, District of Columbia, District of Columbia",745,77,276,80,469,98
1400000US11001009907,11001009907,"Census Tract 99.07, District of Columbia, District of Columbia",1175,77,248,80,927,98
1400000US24031700101,24031700101,"Census Tract 7001.01, Montgomery County, Maryland",1357,69,1329,70,28,23
1400000US24031700102,24031700102,"Census Tract 7001.02, Montgomery County, Maryland",3818,147,3462,194,356,152
1400000US24031700103,24031700103,"Census Tract 7001.03, Montgomery County, Maryland",1827,48,1734,82,93,69
1400000US24031700202,24031700202,"Census Tract 7002.02, Montgomery County, Maryland",2537,99,2043,132,494,124
1400000US24031700204,24031700204,"Census Tract 7002.04, Montgomery County, Maryland",709,54,675,60,34,51
1400000US24031700205,24031700205,"Census Tract 7002.05, Montgomery County, Maryland",1680,53,1631,62,49,37
1400000US24031700206,24031700206,"Census Tract 7002.06, Montgomery County, Maryland",1884,22,1733,72,151,73
1400000US24031700302,24031700302,"Census Tract 7003.02, Montgomery County, Maryland",2777,157,2317,191,460,154
1400000US24031700304,24031700304,"Census Tract 7003.04, Montgomery County, Maryland",2397,99,1710,130,687,117
1400000US24031700306,24031700306,"Census Tract 7003.06, Montgomery County, Maryland",2382,85,2120,145,262,131
1400000US24031700308,24031700308,"Census Tract 7003.08, Montgomery County, Maryland",2033,152,1686,169,347,114
1400000US24031700309,24031700309,"Census Tract 7003.09, Montgomery County, Maryland",2114,82,1306,111,808,122
1400000US24031700310,24031700310,"Census Tract 7003.10, Montgomery County, Maryland",2104,72,1364,121,740,119
1400000US24031700400,24031700400,"Census Tract 7004, Montgomery County, Maryland",793,58,649,87,144,75
1400000US24031700500,24031700500,"Census Tract 7005, Montgomery County, Maryland",2224,143,2020,174,204,106
1400000US24031700604,24031700604,"Census Tract 7006.04, Montgomery County, Maryland",2133,105,2106,109,27,26
1400000US24031700605,24031700605,"Census Tract 7006.05, Montgomery County, Maryland",2432,61,2299,89,133,76
1400000US24031700606,24031700606,"Census Tract 7006.06, Montgomery County, Maryland",1438,25,1339,68,99,63
1400000US24031700607,24031700607,"Census Tract 7006.07, Montgomery County, Maryland",2402,68,2152,101,250,95
1400000US24031700608,24031700608,"Census Tract 7006.08, Montgomery County, Maryland",1785,62,1734,63,51,38
1400000US24031700609,24031700609,"Census Tract 7006.09, Montgomery County, Maryland",5557,160,4487,203,1070,177
1400000US24031700610,24031700610,"Census Tract 7006.10, Montgomery County, Maryland",668,21,607,56,61,63
1400000US24031700704,24031700704,"Census Tract 7007.04, Montgomery County, Maryland",1021,51,701,75,320,68
1400000US24031700705,24031700705,"Census Tract 7007.05, Montgomery County, Maryland",3478,175,2077,178,1401,201
1400000US24031700706,24031700706,"Census Tract 7007.06, Montgomery County, Maryland",1221,96,368,101,853,117
1400000US24031700708,24031700708,"Census Tract 7007.08, Montgomery County, Maryland",3139,182,1564,225,1575,226
1400000US24031700710,24031700710,"Census Tract 7007.10, Montgomery County, Maryland",2022,63,1621,113,401,108
1400000US24031700711,24031700711,"Census Tract 7007.11, Montgomery County, Maryland",1882,76,1371,112,511,120
1400000US24031700712,24031700712,"Census Tract 7007.12, Montgomery County, Maryland",2909,148,1518,193,1391,195
1400000US24031700713,24031700713,"Census Tract 7007.13, Montgomery County, Maryland",1811,114,678,118,1133,145
1400000US24031700714,24031700714,"Census Tract 7007.14, Montgomery County, Maryland",3127,197,372,123,2755,213
1400000US24031700715,24031700715,"Census Tract 7007.15, Montgomery County, Maryland",1689,72,1522,78,167,69
1400000US24031700716,24031700716,"Census Tract 7007.16, Montgomery County, Maryland",2590,109,2189,162,401,123
1400000US24031700805,24031700805,"Census Tract 7008.05, Montgomery County, Maryland",2819,157,1802,220,1017,205
1400000US24031700806,24031700806,"Census Tract 7008.06, Montgomery County, Maryland",5683,233,4328,246,1355,196
1400000US24031700808,24031700808,"Census Tract 7008.08, Montgomery County, Maryland",2929,145,1929,204,1000,179
1400000US24031700809,24031700809,"Census Tract 7008.09, Montgomery County, Maryland",2841,133,2459,158,382,134
1400000US24031700810,24031700810,"Census Tract 7008.10, Montgomery County, Maryland",1692,82,1462,112,230,79
1400000US24031700811,24031700811,"Census Tract 7008.11, Montgomery County, Maryland",1402,71,990,89,412,87
1400000US24031700812,24031700812,"Census Tract 7008.12, Montgomery County, Maryland",1600,98,1267,81,333,104
1400000US24031700813,24031700813,"Census Tract 7008.13, Montgomery County, Maryland",2018,79,1662,134,356,142
1400000US24031700815,24031700815,"Census Tract 7008.15, Montgomery County, Maryland",2539,49,1937,201,602,199
1400000US24031700816,24031700816,"Census Tract 7008.16, Montgomery County, Maryland",2741,146,1364,190,1377,192
1400000US24031700817,24031700817,"Census Tract 7008.17, Montgomery County, Maryland",2391,45,923,153,1468,152
1400000US24031700818,24031700818,"Census Tract 7008.18, Montgomery County, Maryland",2498,87,578,155,1920,149
1400000US24031700819,24031700819,"Census Tract 7008.19, Montgomery County, Maryland",2212,76,1875,138,337,120
1400000US24031700901,24031700901,"Census Tract 7009.01, Montgomery County, Maryland",1526,186,726,138,800,130
1400000US24031700902,24031700902,"Census Tract 7009.02, Montgomery County, Maryland",1218,104,834,142,384,131
1400000US24031700903,24031700903,"Census Tract 7009.03, Montgomery County, Maryland",674,65,260,67,414,70
1400000US24031700904,24031700904,"Census Tract 7009.04, Montgomery County, Maryland",1229,93,116,47,1113,98
1400000US24031700905,24031700905,"Census Tract 7009.05, Montgomery County, Maryland",1670,89,241,62,1429,88
1400000US24031701001,24031701001,"Census Tract 7010.01, Montgomery County, Maryland",2091,93,1662,118,429,103
1400000US24031701002,24031701002,"Census Tract 7010.02, Montgomery County, Maryland",1186,30,1106,70,80,62
1400000US24031701003,24031701003,"Census Tract 7010.03, Montgomery County, Maryland",3370,114,2442,146,928,128
1400000US24031701004,24031701004,"Census Tract 7010.04, Montgomery County, Maryland",1997,91,1478,131,519,92
1400000US24031701005,24031701005,"Census Tract 7010.05, Montgomery County, Maryland",1215,75,1052,81,163,54
1400000US24031701101,24031701101,"Census Tract 7011.01, Montgomery County, Maryland",1622,71,1495,96,127,67
1400000US24031701102,24031701102,"Census Tract 7011.02, Montgomery County, Maryland",2054,67,1654,143,400,127
1400000US24031701201,24031701201,"Census Tract 7012.01, Montgomery County, Maryland",2148,139,1564,173,584,161
1400000US24031701202,24031701202,"Census Tract 7012.02, Montgomery County, Maryland",1005,25,959,39,46,29
1400000US24031701204,24031701204,"Census Tract 7012.04, Montgomery County, Maryland",3851,196,807,169,3044,202
1400000US24031701205,24031701205,"Census Tract 7012.05, Montgomery County, Maryland",2254,103,1878,98,376,89
1400000US24031701206,24031701206,"Census Tract 7012.06, Montgomery County, Maryland",2110,98,1879,121,231,93
1400000US24031701209,24031701209,"Census Tract 7012.09, Montgomery County, Maryland",2827,71,1970,123,857,112
1400000US24031701210,24031701210,"Census Tract 7012.10, Montgomery County, Maryland",1376,23,1319,40,57,34
1400000US24031701211,24031701211,"Census Tract 7012.11, Montgomery County, Maryland",2406,129,1463,130,943,130
1400000US24031701212,24031701212,"Census Tract 7012.12, Montgomery County, Maryland",881,56,823,57,58,47
1400000US24031701213,24031701213,"Census Tract 7012.13, Montgomery County, Maryland",2729,84,2306,127,423,118
1400000US24031701214,24031701214,"Census Tract 7012.14, Montgomery County, Maryland",1426,74,612,124,814,133
1400000US24031701215,24031701215,"Census Tract 7012.15, Montgomery County, Maryland",2323,133,1309,177,1014,154
1400000US24031701303,24031701303,"Census Tract 7013.03, Montgomery County, Maryland",1289,53,1247,67,42,37
1400000US24031701304,24031701304,"Census Tract 7013.04, Montgomery County, Maryland",2003,72,1891,88,112,74
1400000US24031701306,24031701306,"Census Tract 7013.06, Montgomery County, Maryland",965,19,965,19,0,127
1400000US24031701307,24031701307,"Census Tract 7013.07, Montgomery County, Maryland",921,42,872,47,49,28
1400000US24031701308,24031701308,"Census Tract 7013.08, Montgomery County, Maryland",1004,55,937,62,67,45
1400000US24031701309,24031701309,"Census Tract 7013.09, Montgomery County, Maryland",3346,95,2875,141,471,127
1400000US24031701310,24031701310,"Census Tract 7013.10, Montgomery County, Maryland",2657,108,2207,131,450,111
1400000US24031701312,24031701312,"Census Tract 7013.12, Montgomery County, Maryland",2261,41,2015,124,246,127
1400000US24031701313,24031701313,"Census Tract 7013.13, Montgomery County, Maryland",1259,21,1114,76,145,72
1400000US24031701407,24031701407,"Census Tract 7014.07, Montgomery County, Maryland",1837,47,1682,107,155,100
1400000US24031701408,24031701408,"Census Tract 7014.08, Montgomery County, Maryland",2031,87,1858,129,173,115
1400000US24031701409,24031701409,"Census Tract 7014.09, Montgomery County, Maryland",1403,22,1382,35,21,24
1400000US24031701410,24031701410,"Census Tract 7014.10, Montgomery County, Maryland",2421,120,1880,181,541,158
1400000US24031701412,24031701412,"Census Tract 7014.12, Montgomery County, Maryland",4425,201,2828,227,1597,211
1400000US24031701414,24031701414,"Census Tract 7014.14, Montgomery County, Maryland",2515,76,1931,153,584,163
1400000US24031701415,24031701415,"Census Tract 7014.15, Montgomery County, Maryland",2408,95,2114,128,294,112
1400000US24031701416,24031701416,"Census Tract 7014.16, Montgomery County, Maryland",2600,141,1062,161,1538,217
1400000US24031701417,24031701417,"Census Tract 7014.17, Montgomery County, Maryland",2383,127,670,124,1713,152
1400000US24031701503,24031701503,"Census Tract 7015.03, Montgomery County, Maryland",2127,84,1971,108,156,77
1400000US24031701504,24031701504,"Census Tract 7015.04, Montgomery County, Maryland",3697,183,634,140,3063,210
1400000US24031701505,24031701505,"Census Tract 7015.05, Montgomery County, Maryland",2339,142,1354,142,985,161
1400000US24031701506,24031701506,"Census Tract 7015.06, Montgomery County, Maryland",1750,52,1687,75,63,45
1400000US24031701507,24031701507,"Census Tract 7015.07, Montgomery County, Maryland",1778,66,1592,90,186,76
1400000US24031701600,24031701600,"Census Tract 7016, Montgomery County, Maryland",2220,138,753,133,1467,159
1400000US24031701701,24031701701,"Census Tract 7017.01, Montgomery County, Maryland",1624,117,929,100,695,134
1400000US24031701702,24031701702,"Census Tract 7017.02, Montgomery County, Maryland",1140,99,244,92,896,124
1400000US24031701703,24031701703,"Census Tract 7017.03, Montgomery County, Maryland",1323,118,874,95,449,115
1400000US24031701704,24031701704,"Census Tract 7017.04, Montgomery County, Maryland",1131,85,852,112,279,111
1400000US24031701800,24031701800,"Census Tract 7018, Montgomery County, Maryland",2012,124,1169,130,843,109
1400000US24031701900,24031701900,"Census Tract 7019, Montgomery County, Maryland",1188,118,265,86,923,128
1400000US24031702000,24031702000,"Census Tract 7020, Montgomery County, Maryland",1362,80,694,113,668,114
1400000US24031702101,24031702101,"Census Tract 7021.01, Montgomery County, Maryland",1742,73,934,113,808,114
1400000US24031702102,24031702102,"Census Tract 7021.02, Montgomery County, Maryland",1042,68,978,60,64,34
1400000US24031702200,24031702200,"Census Tract 7022, Montgomery County, Maryland",1488,59,1325,83,163,61
1400000US24031702301,24031702301,"Census Tract 7023.01, Montgomery County, Maryland",1394,49,395,97,999,100
1400000US24031702302,24031702302,"Census Tract 7023.02, Montgomery County, Maryland",1598,93,873,91,725,129
1400000US24031702401,24031702401,"Census Tract 7024.01, Montgomery County, Maryland",909,72,739,67,170,66
1400000US24031702402,24031702402,"Census Tract 7024.02, Montgomery County, Maryland",1828,145,660,118,1168,168
1400000US24031702500,24031702500,"Census Tract 7025, Montgomery County, Maryland",2081,131,351,116,1730,155
1400000US24031702601,24031702601,"Census Tract 7026.01, Montgomery County, Maryland",2221,162,64,39,2157,153
1400000US24031702602,24031702602,"Census Tract 7026.02, Montgomery County, Maryland",2235,80,444,109,1791,135
1400000US24031702700,24031702700,"Census Tract 7027, Montgomery County, Maryland",2100,128,894,106,1206,142
1400000US24031702800,24031702800,"Census Tract 7028, Montgomery County, Maryland",2152,132,1146,96,1006,143
1400000US24031702900,24031702900,"Census Tract 7029, Montgomery County, Maryland",2165,94,1419,121,746,135
1400000US24031703000,24031703000,"Census Tract 7030, Montgomery County, Maryland",679,20,644,41,35,35
1400000US24031703100,24031703100,"Census Tract 7031, Montgomery County, Maryland",1571,36,1269,94,302,84
1400000US24031703201,24031703201,"Census Tract 7032.01, Montgomery County, Maryland",2341,46,2053,112,288,108
1400000US24031703202,24031703202,"Census Tract 7032.02, Montgomery County, Maryland",2099,68,1818,106,281,96
1400000US24031703203,24031703203,"Census Tract 7032.03, Montgomery County, Maryland",5555,193,4745,212,810,150
1400000US24031703206,24031703206,"Census Tract 7032.06, Montgomery County, Maryland",1242,84,911,84,331,69
1400000US24031703207,24031703207,"Census Tract 7032.07, Montgomery County, Maryland",1492,144,541,106,951,137
1400000US24031703208,24031703208,"Census Tract 7032.08, Montgomery County, Maryland",1692,52,1568,79,124,60
1400000US24031703209,24031703209,"Census Tract 7032.09, Montgomery County, Maryland",2006,90,1127,125,879,118
1400000US24031703210,24031703210,"Census Tract 7032.10, Montgomery County, Maryland",1093,31,964,88,129,88
1400000US24031703211,24031703211,"Census Tract 7032.11, Montgomery County, Maryland",3548,157,2725,190,823,167
1400000US24031703212,24031703212,"Census Tract 7032.12, Montgomery County, Maryland",2774,109,1996,160,778,173
1400000US24031703213,24031703213,"Census Tract 7032.13, Montgomery County, Maryland",2051,116,711,136,1340,154
1400000US24031703214,24031703214,"Census Tract 7032.14, Montgomery County, Maryland",2459,133,407,83,2052,152
1400000US24031703215,24031703215,"Census Tract 7032.15, Montgomery County, Maryland",1077,50,640,81,437,78
1400000US24031703301,24031703301,"Census Tract 7033.01, Montgomery County, Maryland",1225,78,1032,105,193,106
1400000US24031703302,24031703302,"Census Tract 7033.02, Montgomery County, Maryland",1078,62,823,106,255,90
1400000US24031703401,24031703401,"Census Tract 7034.01, Montgomery County, Maryland",1434,51,1093,117,341,113
1400000US24031703402,24031703402,"Census Tract 7034.02, Montgomery County, Maryland",977,32,918,49,59,44
1400000US24031703403,24031703403,"Census Tract 7034.03, Montgomery County, Maryland",970,45,858,66,112,61
1400000US24031703404,24031703404,"Census Tract 7034.04, Montgomery County, Maryland",791,56,644,86,147,75
1400000US24031703501,24031703501,"Census Tract 7035.01, Montgomery County, Maryland",1885,94,1161,125,724,123
1400000US24031703502,24031703502,"Census Tract 7035.02, Montgomery County, Maryland",1211,37,868,100,343,98
1400000US24031703601,24031703601,"Census Tract 7036.01, Montgomery County, Maryland",1612,105,1341,117,271,92
1400000US24031703602,24031703602,"Census Tract 7036.02, Montgomery County, Maryland",1032,22,947,63,85,57
1400000US24031703701,24031703701,"Census Tract 7037.01, Montgomery County, Maryland",1024,56,890,102,134,79
1400000US24031703702,24031703702,"Census Tract 7037.02, Montgomery County, Maryland",1172,67,1028,79,144,65
1400000US24031703800,24031703800,"Census Tract 7038, Montgomery County, Maryland",1085,49,275,64,810,80
1400000US24031703901,24031703901,"Census Tract 7039.01, Montgomery County, Maryland",1036,50,892,85,144,67
1400000US24031703902,24031703902,"Census Tract 7039.02, Montgomery County, Maryland",2441,104,1790,142,651,149
1400000US24031704000,24031704000,"Census Tract 7040, Montgomery County, Maryland",2409,128,1599,179,810,165
1400000US24031704100,24031704100,"Census Tract 7041, Montgomery County, Maryland",1638,55,1519,64,119,47
1400000US24031704200,24031704200,"Census Tract 7042, Montgomery County, Maryland",790,37,515,50,275,36
1400000US24031704300,24031704300,"Census Tract 7043, Montgomery County, Maryland",1287,83,1193,92,94,52
1400000US24031704401,24031704401,"Census Tract 7044.01, Montgomery County, Maryland",1028,83,891,102,137,77
1400000US24031704402,24031704402,"Census Tract 7044.02, Montgomery County, Maryland",3235,108,2431,186,804,171
1400000US24031704501,24031704501,"Census Tract 7045.01, Montgomery County, Maryland",1217,53,1081,66,136,53
1400000US24031704502,24031704502,"Census Tract 7045.02, Montgomery County, Maryland",950,57,932,58,18,18
1400000US24031704503,24031704503,"Census Tract 7045.03, Montgomery County, Maryland",1265,70,1058,78,207,63
1400000US24031704600,24031704600,"Census Tract 7046, Montgomery County, Maryland",1870,103,1457,108,413,112
1400000US24031704700,24031704700,"Census Tract 7047, Montgomery County, Maryland",1303,71,1118,92,185,78
1400000US24031704801,24031704801,"Census Tract 7048.01, Montgomery County, Maryland",2685,178,265,102,2420,197
1400000US24031704802,24031704802,"Census Tract 7048.02, Montgomery County, Maryland",2509,101,742,123,1767,147
1400000US24031705000,24031705000,"Census Tract 7050, Montgomery County, Maryland",1871,66,1252,103,619,102
1400000US24031705100,24031705100,"Census Tract 7051, Montgomery County, Maryland",1876,75,1676,79,200,59
1400000US24031705200,24031705200,"Census Tract 7052, Montgomery County, Maryland",1137,60,1108,60,29,22
1400000US24031705300,24031705300,"Census Tract 7053, Montgomery County, Maryland",672,22,649,22,23,12
1400000US24031705400,24031705400,"Census Tract 7054, Montgomery County, Maryland",951,41,929,46,22,27
1400000US24031705500,24031705500,"Census Tract 7055, Montgomery County, Maryland",3003,132,1761,146,1242,154
1400000US24031705601,24031705601,"Census Tract 7056.01, Montgomery County, Maryland",1038,31,928,69,110,59
1400000US24031705602,24031705602,"Census Tract 7056.02, Montgomery County, Maryland",2660,137,1142,148,1518,172
1400000US24031705701,24031705701,"Census Tract 7057.01, Montgomery County, Maryland",1607,96,1207,83,400,87
1400000US24031705702,24031705702,"Census Tract 7057.02, Montgomery County, Maryland",1733,80,1503,90,230,73
1400000US24031705800,24031705800,"Census Tract 7058, Montgomery County, Maryland",2236,38,1996,121,240,114
1400000US24031705901,24031705901,"Census Tract 7059.01, Montgomery County, Maryland",1404,61,1331,70,73,50
1400000US24031705902,24031705902,"Census Tract 7059.02, Montgomery County, Maryland",1505,61,1289,84,216,83
1400000US24031705903,24031705903,"Census Tract 7059.03, Montgomery County, Maryland",1498,64,1364,77,134,66
1400000US24031706003,24031706003,"Census Tract 7060.03, Montgomery County, Maryland",2846,83,2596,114,250,92
1400000US24031706004,24031706004,"Census Tract 7060.04, Montgomery County, Maryland",2888,75,1949,164,939,174
1400000US24031706005,24031706005,"Census Tract 7060.05, Montgomery County, Maryland",1526,72,1366,75,160,60
1400000US24031706007,24031706007,"Census Tract 7060.07, Montgomery County, Maryland",2372,57,2210,109,162,97
1400000US24031706008,24031706008,"Census Tract 7060.08, Montgomery County, Maryland",1720,78,1657,86,63,59
1400000US24031706009,24031706009,"Census Tract 7060.09, Montgomery County, Maryland",1851,49,1772,60,79,40
1400000US24033800102,24033800102,"Census Tract 8001.02, Prince George's County, Maryland",1364,89,588,96,776,102
1400000US24033800103,24033800103,"Census Tract 8001.03, Prince George's County, Maryland",854,81,118,58,736,100
1400000US24033800105,24033800105,"Census Tract 8001.05, Prince George's County, Maryland",1296,72,1167,91,129,76
1400000US24033800106,24033800106,"Census Tract 8001.06, Prince George's County, Maryland",975,61,773,99,202,93
1400000US24033800107,24033800107,"Census Tract 8001.07, Prince George's County, Maryland",2714,164,1263,178,1451,212
1400000US24033800202,24033800202,"Census Tract 8002.02, Prince George's County, Maryland",2466,162,1860,196,606,181
1400000US24033800203,24033800203,"Census Tract 8002.03, Prince George's County, Maryland",1530,76,1479,97,51,50
1400000US24033800206,24033800206,"Census Tract 8002.06, Prince George's County, Maryland",1506,79,857,72,649,102
1400000US24033800207,24033800207,"Census Tract 8002.07, Prince George's County, Maryland",1976,187,609,134,1367,208
1400000US24033800208,24033800208,"Census Tract 8002.08, Prince George's County, Maryland",2505,146,1898,151,607,154
1400000US24033800209,24033800209,"Census Tract 8002.09, Prince George's County, Maryland",1613,98,306,86,1307,126
1400000US24033800210,24033800210,"Census Tract 8002.10, Prince George's County, Maryland",1107,93,142,66,965,104
1400000US24033800211,24033800211,"Census Tract 8002.11, Prince George's County, Maryland",1329,103,257,62,1072,113
1400000US24033800401,24033800401,"Census Tract 8004.01, Prince George's County, Maryland",901,48,836,75,65,51
1400000US24033800402,24033800402,"Census Tract 8004.02, Prince George's County, Maryland",1847,89,1749,94,98,46
1400000US24033800403,24033800403,"Census Tract 8004.03, Prince George's County, Maryland",1296,57,1277,64,19,24
1400000US24033800406,24033800406,"Census Tract 8004.06, Prince George's County, Maryland",2869,138,2357,182,512,157
1400000US24033800407,24033800407,"Census Tract 8004.07, Prince George's County, Maryland",2740,135,1300,174,1440,163
1400000US24033800408,24033800408,"Census Tract 8004.08, Prince George's County, Maryland",2016,82,1979,88,37,27
1400000US24033800409,24033800409,"Census Tract 8004.09, Prince George's County, Maryland",2017,117,1902,114,115,91
1400000US24033800503,24033800503,"Census Tract 8005.03, Prince George's County, Maryland",2861,154,2678,160,183,93
1400000US24033800504,24033800504,"Census Tract 8005.04, Prince George's County, Maryland",1777,55,1605,112,172,106
1400000US24033800505,24033800505,"Census Tract 8005.05, Prince George's County, Maryland",1004,46,947,56,57,34
1400000US24033800507,24033800507,"Census Tract 8005.07, Prince George's County, Maryland",1256,100,677,95,579,120
1400000US24033800508,24033800508,"Census Tract 8005.08, Prince George's County, Maryland",2567,98,2460,128,107,76
1400000US24033800509,24033800509,"Census Tract 8005.09, Prince George's County, Maryland",2698,102,2593,119,105,64
1400000US24033800510,24033800510,"Census Tract 8005.10, Prince George's County, Maryland",2935,196,2289,219,646,150
1400000US24033800511,24033800511,"Census Tract 8005.11, Prince George's County, Maryland",1961,61,1782,114,179,100
1400000US24033800512,24033800512,"Census Tract 8005.12, Prince George's County, Maryland",2315,130,1682,157,633,146
1400000US24033800601,24033800601,"Census Tract 8006.01, Prince George's County, Maryland",656,58,636,59,20,23
1400000US24033800603,24033800603,"Census Tract 8006.03, Prince George's County, Maryland",2879,82,2573,134,306,127
1400000US24033800604,24033800604,"Census Tract 8006.04, Prince George's County, Maryland",564,47,455,82,109,79
1400000US24033800605,24033800605,"Census Tract 8006.05, Prince George's County, Maryland",1461,75,1231,98,230,118
1400000US24033800606,24033800606,"Census Tract 8006.06, Prince George's County, Maryland",2482,59,1868,167,614,171
1400000US24033800701,24033800701,"Census Tract 8007.01, Prince George's County, Maryland",1743,103,1660,122,83,43
1400000US24033800702,24033800702,"Census Tract 8007.02, Prince George's County, Maryland",2133,164,1865,139,268,103
1400000US24033800703,24033800703,"Census Tract 8007.03, Prince George's County, Maryland",3293,135,2983,170,310,137
1400000US24033800800,24033800800,"Census Tract 8008, Prince George's County, Maryland",1344,81,1301,82,43,34
1400000US24033800900,24033800900,"Census Tract 8009, Prince George's County, Maryland",622,66,422,94,200,97
1400000US24033801001,24033801001,"Census Tract 8010.01, Prince George's County, Maryland",2438,115,2346,127,92,57
1400000US24033801002,24033801002,"Census Tract 8010.02, Prince George's County, Maryland",2616,90,2536,99,80,41
1400000US24033801104,24033801104,"Census Tract 8011.04, Prince George's County, Maryland",902,177,0,127,902,177
1400000US24033801202,24033801202,"Census Tract 8012.02, Prince George's County, Maryland",2271,92,2071,130,200,89
1400000US24033801203,24033801203,"Census Tract 8012.03, Prince George's County, Maryland",2596,50,2377,150,219,135
1400000US24033801204,24033801204,"Census Tract 8012.04, Prince George's County, Maryland",2357,80,2193,135,164,106
1400000US24033801205,24033801205,"Census Tract 8012.05, Prince George's County, Maryland",2347,78,2009,144,338,128
1400000US24033801206,24033801206,"Census Tract 8012.06, Prince George's County, Maryland",2651,113,2437,153,214,125
1400000US24033801207,24033801207,"Census Tract 8012.07, Prince George's County, Maryland",1420,80,1312,84,108,62
1400000US24033801301,24033801301,"Census Tract 8013.01, Prince George's County, Maryland",3675,163,3530,184,145,87
1400000US24033801302,24033801302,"Census Tract 8013.02, Prince George's County, Maryland",1036,55,964,68,72,50
1400000US24033801305,24033801305,"Census Tract 8013.05, Prince George's County, Maryland",1723,104,1510,131,213,109
1400000US24033801306,24033801306,"Census Tract 8013.06, Prince George's County, Maryland",2147,147,1858,179,289,145
1400000US24033801307,24033801307,"Census Tract 8013.07, Prince George's County, Maryland",1405,36,1252,88,153,80
1400000US24033801308,24033801308,"Census Tract 8013.08, Prince George's County, Maryland",1213,44,1123,63,90,56
1400000US24033801309,24033801309,"Census Tract 8013.09, Prince George's County, Maryland",1230,80,1179,85,51,57
1400000US24033801402,24033801402,"Census Tract 8014.02, Prince George's County, Maryland",2556,117,1554,175,1002,190
1400000US24033801403,24033801403,"Census Tract 8014.03, Prince George's County, Maryland",2323,95,2130,142,193,110
1400000US24033801404,24033801404,"Census Tract 8014.04, Prince George's County, Maryland",1826,116,1305,152,521,134
1400000US24033801405,24033801405,"Census Tract 8014.05, Prince George's County, Maryland",1555,52,870,113,685,111
1400000US24033801406,24033801406,"Census Tract 8014.06, Prince George's County, Maryland",1276,108,604,106,672,125
1400000US24033801407,24033801407,"Census Tract 8014.07, Prince George's County, Maryland",2073,140,1720,153,353,155
1400000US24033801500,24033801500,"Census Tract 8015, Prince George's County, Maryland",1033,85,934,94,99,51
1400000US24033801600,24033801600,"Census Tract 8016, Prince George's County, Maryland",1039,97,379,69,660,109
1400000US24033801701,24033801701,"Census Tract 8017.01, Prince George's County, Maryland",1563,115,903,140,660,135
1400000US24033801702,24033801702,"Census Tract 8017.02, Prince George's County, Maryland",1604,119,297,79,1307,127
1400000US24033801704,24033801704,"Census Tract 8017.04, Prince George's County, Maryland",2353,84,729,153,1624,163
1400000US24033801706,24033801706,"Census Tract 8017.06, Prince George's County, Maryland",621,72,354,79,267,68
1400000US24033801707,24033801707,"Census Tract 8017.07, Prince George's County, Maryland",1983,140,738,112,1245,175
1400000US24033801708,24033801708,"Census Tract 8017.08, Prince George's County, Maryland",1389,69,559,94,830,108
1400000US24033801801,24033801801,"Census Tract 8018.01, Prince George's County, Maryland",886,37,186,53,700,53
1400000US24033801802,24033801802,"Census Tract 8018.02, Prince George's County, Maryland",1663,80,983,136,680,146
1400000US24033801804,24033801804,"Census Tract 8018.04, Prince George's County, Maryland",743,54,664,79,79,64
1400000US24033801805,24033801805,"Census Tract 8018.05, Prince George's County, Maryland",1121,62,509,86,612,102
1400000US24033801807,24033801807,"Census Tract 8018.07, Prince George's County, Maryland",2019,112,985,135,1034,147
1400000US24033801808,24033801808,"Census Tract 8018.08, Prince George's County, Maryland",1495,93,574,96,921,136
1400000US24033801901,24033801901,"Census Tract 8019.01, Prince George's County, Maryland",1623,83,1510,103,113,65
1400000US24033801902,24033801902,"Census Tract 8019.02, Prince George's County, Maryland",3275,118,1067,176,2208,177
1400000US24033801904,24033801904,"Census Tract 8019.04, Prince George's County, Maryland",1197,86,666,132,531,157
1400000US24033801905,24033801905,"Census Tract 8019.05, Prince George's County, Maryland",1563,79,1229,123,334,120
1400000US24033801906,24033801906,"Census Tract 8019.06, Prince George's County, Maryland",781,86,427,72,354,79
1400000US24033802001,24033802001,"Census Tract 8020.01, Prince George's County, Maryland",2250,156,558,138,1692,177
1400000US24033802002,24033802002,"Census Tract 8020.02, Prince George's County, Maryland",1383,112,971,127,412,124
1400000US24033802103,24033802103,"Census Tract 8021.03, Prince George's County, Maryland",1161,34,1021,85,140,75
1400000US24033802104,24033802104,"Census Tract 8021.04, Prince George's County, Maryland",858,76,475,86,383,93
1400000US24033802105,24033802105,"Census Tract 8021.05, Prince George's County, Maryland",3291,165,952,137,2339,205
1400000US24033802201,24033802201,"Census Tract 8022.01, Prince George's County, Maryland",919,73,894,74,25,30
1400000US24033802203,24033802203,"Census Tract 8022.03, Prince George's County, Maryland",1722,64,1145,142,577,152
1400000US24033802204,24033802204,"Census Tract 8022.04, Prince George's County, Maryland",2191,84,2127,100,64,50
1400000US24033802301,24033802301,"Census Tract 8023.01, Prince George's County, Maryland",1244,179,1079,174,165,103
1400000US24033802403,24033802403,"Census Tract 8024.03, Prince George's County, Maryland",2941,117,785,174,2156,206
1400000US24033802404,24033802404,"Census Tract 8024.04, Prince George's County, Maryland",1762,96,610,129,1152,146
1400000US24033802405,24033802405,"Census Tract 8024.05, Prince George's County, Maryland",1462,122,630,113,832,140
1400000US24033802406,24033802406,"Census Tract 8024.06, Prince George's County, Maryland",883,74,315,63,568,88
1400000US24033802501,24033802501,"Census Tract 8025.01, Prince George's County, Maryland",1488,57,547,85,941,100
1400000US24033802502,24033802502,"Census Tract 8025.02, Prince George's County, Maryland",833,127,745,107,88,73
1400000US24033802600,24033802600,"Census Tract 8026, Prince George's County, Maryland",1162,64,770,93,392,96
1400000US24033802700,24033802700,"Census Tract 8027, Prince George's County, Maryland",815,118,641,123,174,92
1400000US24033802803,24033802803,"Census Tract 8028.03, Prince George's County, Maryland",1974,160,1190,177,784,146
1400000US24033802804,24033802804,"Census Tract 8028.04, Prince George's County, Maryland",2045,136,1259,142,786,152
1400000US24033802805,24033802805,"Census Tract 8028.05, Prince George's County, Maryland",1665,92,1192,127,473,102
1400000US24033802901,24033802901,"Census Tract 8029.01, Prince George's County, Maryland",1644,148,999,133,645,161
1400000US24033803001,24033803001,"Census Tract 8030.01, Prince George's County, Maryland",986,61,729,78,257,78
1400000US24033803002,24033803002,"Census Tract 8030.02, Prince George's County, Maryland",1133,100,818,106,315,91
1400000US24033803100,24033803100,"Census Tract 8031, Prince George's County, Maryland",904,84,579,93,325,93
1400000US24033803200,24033803200,"Census Tract 8032, Prince George's County, Maryland",1111,62,286,77,825,98
1400000US24033803300,24033803300,"Census Tract 8033, Prince George's County, Maryland",1516,91,1061,124,455,123
1400000US24033803401,24033803401,"Census Tract 8034.01, Prince George's County, Maryland",456,41,330,43,126,41
1400000US24033803402,24033803402,"Census Tract 8034.02, Prince George's County, Maryland",1699,67,1082,129,617,133
1400000US24033803505,24033803505,"Census Tract 8035.05, Prince George's County, Maryland",2405,91,2136,156,269,124
1400000US24033803508,24033803508,"Census Tract 8035.08, Prince George's County, Maryland",1556,130,633,111,923,133
1400000US24033803509,24033803509,"Census Tract 8035.09, Prince George's County, Maryland",894,129,104,43,790,127
1400000US24033803512,24033803512,"Census Tract 8035.12, Prince George's County, Maryland",1954,79,1115,98,839,132
1400000US24033803513,24033803513,"Census Tract 8035.13, Prince George's County, Maryland",2068,75,1510,121,558,120
1400000US24033803514,24033803514,"Census Tract 8035.14, Prince George's County, Maryland",1864,91,1118,151,746,134
1400000US24033803515,24033803515,"Census Tract 8035.15, Prince George's County, Maryland",2593,125,2294,163,299,108
1400000US24033803516,24033803516,"Census Tract 8035.16, Prince George's County, Maryland",1694,59,1537,106,157,96
1400000US24033803517,24033803517,"Census Tract 8035.17, Prince George's County, Maryland",2776,174,2401,167,375,139
1400000US24033803518,24033803518,"Census Tract 8035.18, Prince George's County, Maryland",2404,177,1105,121,1299,199
1400000US24033803519,24033803519,"Census Tract 8035.19, Prince George's County, Maryland",1048,120,617,73,431,114
1400000US24033803601,24033803601,"Census Tract 8036.01, Prince George's County, Maryland",1137,57,1086,79,51,57
1400000US24033803602,24033803602,"Census Tract 8036.02, Prince George's County, Maryland",612,72,295,77,317,77
1400000US24033803605,24033803605,"Census Tract 8036.05, Prince George's County, Maryland",2176,175,1819,178,357,170
1400000US24033803606,24033803606,"Census Tract 8036.06, Prince George's County, Maryland",1540,71,1311,101,229,86
1400000US24033803607,24033803607,"Census Tract 8036.07, Prince George's County, Maryland",1023,48,975,47,48,44
1400000US24033803608,24033803608,"Census Tract 8036.08, Prince George's County, Maryland",1755,101,1425,121,330,124
1400000US24033803610,24033803610,"Census Tract 8036.10, Prince George's County, Maryland",1086,88,791,93,295,82
1400000US24033803612,24033803612,"Census Tract 8036.12, Prince George's County, Maryland",1259,148,377,117,882,150
1400000US24033803613,24033803613,"Census Tract 8036.13, Prince George's County, Maryland",2150,168,768,141,1382,173
1400000US24033803700,24033803700,"Census Tract 8037, Prince George's County, Maryland",750,31,659,56,91,49
1400000US24033803801,24033803801,"Census Tract 8038.01, Prince George's County, Maryland",637,61,542,77,95,55
1400000US24033803803,24033803803,"Census Tract 8038.03, Prince George's County, Maryland",1829,66,989,139,840,154
1400000US24033803900,24033803900,"Census Tract 8039, Prince George's County, Maryland",968,86,628,85,340,80
1400000US24033804001,24033804001,"Census Tract 8040.01, Prince George's County, Maryland",1947,162,185,82,1762,153
1400000US24033804002,24033804002,"Census Tract 8040.02, Prince George's County, Maryland",1179,115,610,111,569,125
1400000US24033804101,24033804101,"Census Tract 8041.01, Prince George's County, Maryland",1179,87,730,124,449,102
1400000US24033804102,24033804102,"Census Tract 8041.02, Prince George's County, Maryland",1926,120,1188,117,738,131
1400000US24033804200,24033804200,"Census Tract 8042, Prince George's County, Maryland",1241,104,1191,110,50,44
1400000US24033804300,24033804300,"Census Tract 8043, Prince George's County, Maryland",1176,76,293,75,883,94
1400000US24033804400,24033804400,"Census Tract 8044, Prince George's County, Maryland",807,60,583,53,224,46
1400000US24033804600,24033804600,"Census Tract 8046, Prince George's County, Maryland",821,99,585,84,236,62
1400000US24033804700,24033804700,"Census Tract 8047, Prince George's County, Maryland",1454,120,1104,129,350,88
1400000US24033804800,24033804800,"Census Tract 8048, Prince George's County, Maryland",2675,174,97,82,2578,200
1400000US24033804900,24033804900,"Census Tract 8049, Prince George's County, Maryland",1465,70,457,84,1008,99
1400000US24033805000,24033805000,"Census Tract 8050, Prince George's County, Maryland",1892,154,995,125,897,145
1400000US24033805101,24033805101,"Census Tract 8051.01, Prince George's County, Maryland",1200,69,368,73,832,92
1400000US24033805201,24033805201,"Census Tract 8052.01, Prince George's County, Maryland",1192,85,588,107,604,121
1400000US24033805202,24033805202,"Census Tract 8052.02, Prince George's County, Maryland",1265,50,326,84,939,93
1400000US24033805500,24033805500,"Census Tract 8055, Prince George's County, Maryland",1340,112,494,102,846,140
1400000US24033805601,24033805601,"Census Tract 8056.01, Prince George's County, Maryland",1321,78,30,20,1291,79
1400000US24033805602,24033805602,"Census Tract 8056.02, Prince George's County, Maryland",1068,91,139,59,929,105
1400000US24033805700,24033805700,"Census Tract 8057, Prince George's County, Maryland",1551,98,869,105,682,105
1400000US24033805801,24033805801,"Census Tract 8058.01, Prince George's County, Maryland",1011,72,886,90,125,60
1400000US24033805802,24033805802,"Census Tract 8058.02, Prince George's County, Maryland",845,63,635,95,210,83
1400000US24033805901,24033805901,"Census Tract 8059.01, Prince George's County, Maryland",2344,104,307,120,2037,153
1400000US24033805904,24033805904,"Census Tract 8059.04, Prince George's County, Maryland",927,63,701,85,226,75
1400000US24033805905,24033805905,"Census Tract 8059.05, Prince George's County, Maryland",2295,159,810,180,1485,174
1400000US24033806000,24033806000,"Census Tract 8060, Prince George's County, Maryland",1434,113,873,161,561,149
1400000US24033806100,24033806100,"Census Tract 8061, Prince George's County, Maryland",1511,141,1121,99,390,116
1400000US24033806200,24033806200,"Census Tract 8062, Prince George's County, Maryland",1559,131,862,117,697,135
1400000US24033806300,24033806300,"Census Tract 8063, Prince George's County, Maryland",647,60,320,65,327,73
1400000US24033806400,24033806400,"Census Tract 8064, Prince George's County, Maryland",1269,52,1129,83,140,73
1400000US24033806501,24033806501,"Census Tract 8065.01, Prince George's County, Maryland",1469,175,377,99,1092,143
1400000US24033806601,24033806601,"Census Tract 8066.01, Prince George's County, Maryland",1172,77,645,76,527,92
1400000US24033806602,24033806602,"Census Tract 8066.02, Prince George's County, Maryland",1336,78,836,102,500,97
1400000US24033806703,24033806703,"Census Tract 8067.03, Prince George's County, Maryland",2473,170,0,127,2473,170
1400000US24033806706,24033806706,"Census Tract 8067.06, Prince George's County, Maryland",1509,92,1053,112,456,121
1400000US24033806708,24033806708,"Census Tract 8067.08, Prince George's County, Maryland",2141,148,1082,153,1059,164
1400000US24033806710,24033806710,"Census Tract 8067.10, Prince George's County, Maryland",1935,114,1655,141,280,108
1400000US24033806711,24033806711,"Census Tract 8067.11, Prince George's County, Maryland",1563,136,907,140,656,143
1400000US24033806712,24033806712,"Census Tract 8067.12, Prince George's County, Maryland",1241,91,698,119,543,113
1400000US24033806800,24033806800,"Census Tract 8068, Prince George's County, Maryland",1237,105,1063,111,174,49
1400000US24033806900,24033806900,"Census Tract 8069, Prince George's County, Maryland",1410,188,1119,192,291,105
1400000US24033807000,24033807000,"Census Tract 8070, Prince George's County, Maryland",1842,214,1045,147,797,160
1400000US24033807102,24033807102,"Census Tract 8071.02, Prince George's County, Maryland",867,117,718,95,149,76
1400000US24033807200,24033807200,"Census Tract 8072, Prince George's County, Maryland",1040,166,221,45,819,165
1400000US24033807301,24033807301,"Census Tract 8073.01, Prince George's County, Maryland",1340,122,487,97,853,105
1400000US24033807304,24033807304,"Census Tract 8073.04, Prince George's County, Maryland",620,20,543,66,77,60
1400000US24033807305,24033807305,"Census Tract 8073.05, Prince George's County, Maryland",959,48,574,93,385,93
1400000US24033807404,24033807404,"Census Tract 8074.04, Prince George's County, Maryland",1670,111,1095,126,575,143
1400000US24033807405,24033807405,"Census Tract 8074.05, Prince George's County, Maryland",1862,99,1553,125,309,106
1400000US24033807406,24033807406,"Census Tract 8074.06, Prince George's County, Maryland",2589,107,1251,156,1338,155
1400000US24033807407,24033807407,"Census Tract 8074.07, Prince George's County, Maryland",2094,109,1411,110,683,106
1400000US24033807408,24033807408,"Census Tract 8074.08, Prince George's County, Maryland",2292,127,1993,141,299,83
1400000US51013100100,51013100100,"Census Tract 1001, Arlington County, Virginia",1639,90,1458,143,181,88
1400000US51013100200,51013100200,"Census Tract 1002, Arlington County, Virginia",2255,114,2107,132,148,118
1400000US51013100300,51013100300,"Census Tract 1003, Arlington County, Virginia",2155,90,1870,142,285,107
1400000US51013100400,51013100400,"Census Tract 1004, Arlington County, Virginia",1300,66,1265,73,35,28
1400000US51013100500,51013100500,"Census Tract 1005, Arlington County, Virginia",1580,82,1214,98,366,86
1400000US51013100600,51013100600,"Census Tract 1006, Arlington County, Virginia",1258,86,722,99,536,97
1400000US51013100700,51013100700,"Census Tract 1007, Arlington County, Virginia",2245,183,1478,167,767,182
1400000US51013100800,51013100800,"Census Tract 1008, Arlington County, Virginia",432,57,263,70,169,61
1400000US51013100900,51013100900,"Census Tract 1009, Arlington County, Virginia",1627,111,1026,90,601,105
1400000US51013101000,51013101000,"Census Tract 1010, Arlington County, Virginia",1292,72,866,141,426,153
1400000US51013101100,51013101100,"Census Tract 1011, Arlington County, Virginia",2023,66,1648,109,375,92
1400000US51013101200,51013101200,"Census Tract 1012, Arlington County, Virginia",1357,108,1008,86,349,88
1400000US51013101300,51013101300,"Census Tract 1013, Arlington County, Virginia",2403,133,1926,121,477,144
1400000US51013101400,51013101400,"Census Tract 1014, Arlington County, Virginia",7088,309,2717,294,4371,332
1400000US51013101500,51013101500,"Census Tract 1015, Arlington County, Virginia",3414,183,1391,187,2023,223
1400000US51013101600,51013101600,"Census Tract 1016, Arlington County, Virginia",3431,192,1215,223,2216,240
1400000US51013101700,51013101700,"Census Tract 1017, Arlington County, Virginia",4789,332,1481,237,3308,350
1400000US51013101800,51013101800,"Census Tract 1018, Arlington County, Virginia",6400,274,1644,235,4756,310
1400000US51013101900,51013101900,"Census Tract 1019, Arlington County, Virginia",976,58,751,74,225,68
1400000US51013102000,51013102000,"Census Tract 1020, Arlington County, Virginia",3670,254,808,162,2862,271
1400000US51013102100,51013102100,"Census Tract 1021, Arlington County, Virginia",918,51,616,60,302,55
1400000US51013102200,51013102200,"Census Tract 1022, Arlington County, Virginia",2323,261,1133,225,1190,229
1400000US51013102300,51013102300,"Census Tract 1023, Arlington County, Virginia",1959,125,1435,148,524,122
1400000US51013102400,51013102400,"Census Tract 1024, Arlington County, Virginia",1629,128,1028,134,601,119
1400000US51013102500,51013102500,"Census Tract 1025, Arlington County, Virginia",1989,148,649,143,1340,196
1400000US51013102600,51013102600,"Census Tract 1026, Arlington County, Virginia",1136,97,529,90,607,111
1400000US51013102700,51013102700,"Census Tract 1027, Arlington County, Virginia",1858,189,291,105,1567,187
1400000US51013102800,51013102800,"Census Tract 1028, Arlington County, Virginia",3202,242,1883,203,1319,232
1400000US51013102900,51013102900,"Census Tract 1029, Arlington County, Virginia",3941,200,2066,220,1875,230
1400000US51013103000,51013103000,"Census Tract 1030, Arlington County, Virginia",1770,103,1411,123,359,107
1400000US51013103100,51013103100,"Census Tract 1031, Arlington County, Virginia",1281,142,862,115,419,107
1400000US51013103200,51013103200,"Census Tract 1032, Arlington County, Virginia",3616,294,1185,201,2431,273
1400000US51013103300,51013103300,"Census Tract 1033, Arlington County, Virginia",383,44,184,63,199,57
1400000US51013103401,51013103401,"Census Tract 1034.01, Arlington County, Virginia",219,103,61,92,158,60
1400000US51013103402,51013103402,"Census Tract 1034.02, Arlington County, Virginia",2074,204,334,73,1740,208
1400000US51013103500,51013103500,"Census Tract 1035, Arlington County, Virginia",5825,392,938,173,4887,385
1400000US51013103600,51013103600,"Census Tract 1036, Arlington County, Virginia",1742,105,732,96,1010,112
1400000US51013103700,51013103700,"Census Tract 1037, Arlington County, Virginia",994,88,826,95,168,73
1400000US51013103800,51013103800,"Census Tract 1038, Arlington County, Virginia",2110,218,529,109,1581,233
1400000US51059415100,51059415100,"Census Tract 4151, Fairfax County, Virginia",1175,94,1005,106,170,63
1400000US51059415200,51059415200,"Census Tract 4152, Fairfax County, Virginia",1840,61,1276,128,564,124
1400000US51059415300,51059415300,"Census Tract 4153, Fairfax County, Virginia",1401,69,1162,104,239,87
1400000US51059415400,51059415400,"Census Tract 4154, Fairfax County, Virginia",2992,172,1367,143,1625,195
1400000US51059415500,51059415500,"Census Tract 4155, Fairfax County, Virginia",2158,104,1542,118,616,131
1400000US51059415600,51059415600,"Census Tract 4156, Fairfax County, Virginia",1043,51,960,62,83,58
1400000US51059415700,51059415700,"Census Tract 4157, Fairfax County, Virginia",1334,63,1229,80,105,63
1400000US51059415800,51059415800,"Census Tract 4158, Fairfax County, Virginia",1619,56,1530,72,89,55
1400000US51059415900,51059415900,"Census Tract 4159, Fairfax County, Virginia",1081,69,1026,78,55,40
1400000US51059416000,51059416000,"Census Tract 4160, Fairfax County, Virginia",1812,104,1298,138,514,125
1400000US51059416100,51059416100,"Census Tract 4161, Fairfax County, Virginia",1359,65,1203,92,156,84
1400000US51059416200,51059416200,"Census Tract 4162, Fairfax County, Virginia",1099,91,0,127,1099,91
1400000US51059416300,51059416300,"Census Tract 4163, Fairfax County, Virginia",761,39,700,47,61,38
1400000US51059420100,51059420100,"Census Tract 4201, Fairfax County, Virginia",1193,53,1029,87,164,86
1400000US51059420200,51059420200,"Census Tract 4202, Fairfax County, Virginia",3108,122,2468,148,640,143
1400000US51059420300,51059420300,"Census Tract 4203, Fairfax County, Virginia",2029,84,1842,115,187,89
1400000US51059420400,51059420400,"Census Tract 4204, Fairfax County, Virginia",1320,141,249,60,1071,143
1400000US51059420500,51059420500,"Census Tract 4205, Fairfax County, Virginia",2927,153,1574,176,1353,191
1400000US51059420600,51059420600,"Census Tract 4206, Fairfax County, Virginia",1659,97,824,127,835,134
1400000US51059420700,51059420700,"Census Tract 4207, Fairfax County, Virginia",1326,113,1241,126,85,51
1400000US51059420800,51059420800,"Census Tract 4208, Fairfax County, Virginia",1111,90,997,103,114,69
1400000US51059421000,51059421000,"Census Tract 4210, Fairfax County, Virginia",2913,81,1461,163,1452,173
1400000US51059421100,51059421100,"Census Tract 4211, Fairfax County, Virginia",5229,164,4044,228,1185,216
1400000US51059421200,51059421200,"Census Tract 4212, Fairfax County, Virginia",663,41,585,49,78,46
1400000US51059421300,51059421300,"Census Tract 4213, Fairfax County, Virginia",1393,63,1274,87,119,59
1400000US51059421400,51059421400,"Census Tract 4214, Fairfax County, Virginia",2238,159,396,85,1842,173
1400000US51059421500,51059421500,"Census Tract 4215, Fairfax County, Virginia",2198,160,1323,165,875,165
1400000US51059421600,51059421600,"Census Tract 4216, Fairfax County, Virginia",1839,128,939,165,900,165
1400000US51059421700,51059421700,"Census Tract 4217, Fairfax County, Virginia",2174,190,1611,181,563,164
1400000US51059421800,51059421800,"Census Tract 4218, Fairfax County, Virginia",2103,182,980,178,1123,220
1400000US51059421900,51059421900,"Census Tract 4219, Fairfax County, Virginia",535,66,43,24,492,62
1400000US51059422000,51059422000,"Census Tract 4220, Fairfax County, Virginia",1390,77,849,90,541,91
1400000US51059422100,51059422100,"Census Tract 4221, Fairfax County, Virginia",5923,194,3720,251,2203,268
1400000US51059422200,51059422200,"Census Tract 4222, Fairfax County, Virginia",681,62,636,73,45,34
1400000US51059422300,51059422300,"Census Tract 4223, Fairfax County, Virginia",3645,142,2468,217,1177,198
1400000US51059422400,51059422400,"Census Tract 4224, Fairfax County, Virginia",3983,140,2550,224,1433,220
1400000US51059430100,51059430100,"Census Tract 4301, Fairfax County, Virginia",2494,89,2395,101,99,64
1400000US51059430200,51059430200,"Census Tract 4302, Fairfax County, Virginia",3922,76,3304,149,618,153
1400000US51059430400,51059430400,"Census Tract 4304, Fairfax County, Virginia",2217,69,1945,130,272,116
1400000US51059430500,51059430500,"Census Tract 4305, Fairfax County, Virginia",575,22,498,53,77,50
1400000US51059430600,51059430600,"Census Tract 4306, Fairfax County, Virginia",1731,89,1193,122,538,122
1400000US51059430700,51059430700,"Census Tract 4307, Fairfax County, Virginia",898,34,801,67,97,62
1400000US51059430800,51059430800,"Census Tract 4308, Fairfax County, Virginia",3213,113,2567,202,646,173
1400000US51059430900,51059430900,"Census Tract 4309, Fairfax County, Virginia",2447,86,1760,167,687,159
1400000US51059431000,51059431000,"Census Tract 4310, Fairfax County, Virginia",2282,60,1920,150,362,126
1400000US51059431300,51059431300,"Census Tract 4313, Fairfax County, Virginia",1387,43,1280,72,107,59
1400000US51059431400,51059431400,"Census Tract 4314, Fairfax County, Virginia",1491,23,1325,69,166,69
1400000US51059431500,51059431500,"Census Tract 4315, Fairfax County, Virginia",1891,70,1681,101,210,89
1400000US51059431600,51059431600,"Census Tract 4316, Fairfax County, Virginia",3264,181,1665,204,1599,234
1400000US51059431800,51059431800,"Census Tract 4318, Fairfax County, Virginia",2447,74,2176,140,271,123
1400000US51059431900,51059431900,"Census Tract 4319, Fairfax County, Virginia",1106,17,993,78,113,80
1400000US51059432000,51059432000,"Census Tract 4320, Fairfax County, Virginia",1117,27,876,83,241,81
1400000US51059432100,51059432100,"Census Tract 4321, Fairfax County, Virginia",1440,29,1265,78,175,84
1400000US51059432200,51059432200,"Census Tract 4322, Fairfax County, Virginia",2441,115,1804,146,637,140
1400000US51059432300,51059432300,"Census Tract 4323, Fairfax County, Virginia",1697,60,1390,114,307,100
1400000US51059432400,51059432400,"Census Tract 4324, Fairfax County, Virginia",2774,84,2518,131,256,95
1400000US51059432500,51059432500,"Census Tract 4325, Fairfax County, Virginia",1879,32,1740,67,139,57
1400000US51059432600,51059432600,"Census Tract 4326, Fairfax County, Virginia",1536,49,1402,66,134,53
1400000US51059432700,51059432700,"Census Tract 4327, Fairfax County, Virginia",2688,34,2142,126,546,125
1400000US51059432800,51059432800,"Census Tract 4328, Fairfax County, Virginia",766,21,529,59,237,65
1400000US51059440100,51059440100,"Census Tract 4401, Fairfax County, Virginia",2611,122,1923,118,688,128
1400000US51059440200,51059440200,"Census Tract 4402, Fairfax County, Virginia",2821,123,1509,183,1312,178
1400000US51059440300,51059440300,"Census Tract 4403, Fairfax County, Virginia",954,19,926,35,28,39
1400000US51059440500,51059440500,"Census Tract 4405, Fairfax County, Virginia",2163,94,2081,110,82,61
1400000US51059440600,51059440600,"Census Tract 4406, Fairfax County, Virginia",881,57,847,56,34,27
1400000US51059440700,51059440700,"Census Tract 4407, Fairfax County, Virginia",2829,45,2636,126,193,119
1400000US51059440800,51059440800,"Census Tract 4408, Fairfax County, Virginia",1978,85,1804,96,174,75
1400000US51059450100,51059450100,"Census Tract 4501, Fairfax County, Virginia",2110,126,1121,175,989,192
1400000US51059450200,51059450200,"Census Tract 4502, Fairfax County, Virginia",1179,92,679,103,500,108
1400000US51059450300,51059450300,"Census Tract 4503, Fairfax County, Virginia",1596,79,1101,139,495,120
1400000US51059450400,51059450400,"Census Tract 4504, Fairfax County, Virginia",815,102,773,93,42,33
1400000US51059450500,51059450500,"Census Tract 4505, Fairfax County, Virginia",795,89,669,113,126,82
1400000US51059450600,51059450600,"Census Tract 4506, Fairfax County, Virginia",2948,138,2085,178,863,155
1400000US51059450700,51059450700,"Census Tract 4507, Fairfax County, Virginia",2276,142,1043,163,1233,197
1400000US51059450800,51059450800,"Census Tract 4508, Fairfax County, Virginia",1115,101,977,111,138,82
1400000US51059450900,51059450900,"Census Tract 4509, Fairfax County, Virginia",583,43,493,64,90,57
1400000US51059451000,51059451000,"Census Tract 4510, Fairfax County, Virginia",872,50,823,62,49,29
1400000US51059451100,51059451100,"Census Tract 4511, Fairfax County, Virginia",826,14,725,62,101,59
1400000US51059451200,51059451200,"Census Tract 4512, Fairfax County, Virginia",602,50,540,45,62,50
1400000US51059451300,51059451300,"Census Tract 4513, Fairfax County, Virginia",855,58,803,56,52,38
1400000US51059451400,51059451400,"Census Tract 4514, Fairfax County, Virginia",1065,91,247,81,818,107
1400000US51059451500,51059451500,"Census Tract 4515, Fairfax County, Virginia",3562,242,1728,218,1834,249
1400000US51059451600,51059451600,"Census Tract 4516, Fairfax County, Virginia",2490,125,677,114,1813,163
1400000US51059451800,51059451800,"Census Tract 4518, Fairfax County, Virginia",1047,59,876,89,171,88
1400000US51059451900,51059451900,"Census Tract 4519, Fairfax County, Virginia",2016,150,1181,153,835,184
1400000US51059452000,51059452000,"Census Tract 4520, Fairfax County, Virginia",1091,50,718,83,373,81
1400000US51059452100,51059452100,"Census Tract 4521, Fairfax County, Virginia",2608,110,1962,178,646,171
1400000US51059452200,51059452200,"Census Tract 4522, Fairfax County, Virginia",1984,123,1164,159,820,183
1400000US51059452300,51059452300,"Census Tract 4523, Fairfax County, Virginia",3036,113,1139,221,1897,204
1400000US51059452400,51059452400,"Census Tract 4524, Fairfax County, Virginia",2247,117,1573,147,674,144
1400000US51059452500,51059452500,"Census Tract 4525, Fairfax County, Virginia",2962,101,1435,163,1527,176
1400000US51059452600,51059452600,"Census Tract 4526, Fairfax County, Virginia",1925,114,1156,140,769,131
1400000US51059452700,51059452700,"Census Tract 4527, Fairfax County, Virginia",1780,100,750,121,1030,156
1400000US51059452800,51059452800,"Census Tract 4528, Fairfax County, Virginia",3577,187,2284,209,1293,225
1400000US51059460100,51059460100,"Census Tract 4601, Fairfax County, Virginia",1433,22,1353,46,80,43
1400000US51059460200,51059460200,"Census Tract 4602, Fairfax County, Virginia",1288,52,1259,54,29,23
1400000US51059460300,51059460300,"Census Tract 4603, Fairfax County, Virginia",946,28,823,54,123,52
1400000US51059460400,51059460400,"Census Tract 4604, Fairfax County, Virginia",1963,55,1265,110,698,115
1400000US51059460500,51059460500,"Census Tract 4605, Fairfax County, Virginia",2944,115,2438,166,506,139
1400000US51059460600,51059460600,"Census Tract 4606, Fairfax County, Virginia",1456,49,1125,118,331,114
1400000US51059460700,51059460700,"Census Tract 4607, Fairfax County, Virginia",2386,132,2010,205,376,147
1400000US51059460800,51059460800,"Census Tract 4608, Fairfax County, Virginia",1117,58,846,111,271,97
1400000US51059460900,51059460900,"Census Tract 4609, Fairfax County, Virginia",820,66,787,66,33,24
1400000US51059461000,51059461000,"Census Tract 4610, Fairfax County, Virginia",793,64,742,72,51,38
1400000US51059461100,51059461100,"Census Tract 4611, Fairfax County, Virginia",2491,76,2127,120,364,97
1400000US51059461200,51059461200,"Census Tract 4612, Fairfax County, Virginia",3147,127,2710,138,437,133
1400000US51059461500,51059461500,"Census Tract 4615, Fairfax County, Virginia",2310,113,1698,138,612,128
1400000US51059461600,51059461600,"Census Tract 4616, Fairfax County, Virginia",3781,171,1870,203,1911,235
1400000US51059461700,51059461700,"Census Tract 4617, Fairfax County, Virginia",2236,149,1194,179,1042,186
1400000US51059461800,51059461800,"Census Tract 4618, Fairfax County, Virginia",2349,143,1588,138,761,151
1400000US51059461900,51059461900,"Census Tract 4619, Fairfax County, Virginia",1824,84,454,100,1370,109
1400000US51059470100,51059470100,"Census Tract 4701, Fairfax County, Virginia",929,49,822,77,107,67
1400000US51059470200,51059470200,"Census Tract 4702, Fairfax County, Virginia",0,127,0,127,0,127
1400000US51059470300,51059470300,"Census Tract 4703, Fairfax County, Virginia",1139,41,1071,68,68,50
1400000US51059470400,51059470400,"Census Tract 4704, Fairfax County, Virginia",1599,88,1430,104,169,76
1400000US51059470500,51059470500,"Census Tract 4705, Fairfax County, Virginia",1925,117,1467,132,458,117
1400000US51059470600,51059470600,"Census Tract 4706, Fairfax County, Virginia",1113,66,867,78,246,73
1400000US51059470700,51059470700,"Census Tract 4707, Fairfax County, Virginia",1721,115,1520,112,201,74
1400000US51059470800,51059470800,"Census Tract 4708, Fairfax County, Virginia",1087,70,934,85,153,71
1400000US51059470900,51059470900,"Census Tract 4709, Fairfax County, Virginia",2583,62,2179,115,404,101
1400000US51059471000,51059471000,"Census Tract 4710, Fairfax County, Virginia",819,53,720,63,99,51
1400000US51059471100,51059471100,"Census Tract 4711, Fairfax County, Virginia",2190,134,1673,162,517,124
1400000US51059471200,51059471200,"Census Tract 4712, Fairfax County, Virginia",3441,173,1706,192,1735,195
1400000US51059471300,51059471300,"Census Tract 4713, Fairfax County, Virginia",3351,245,1576,208,1775,265
1400000US51059471400,51059471400,"Census Tract 4714, Fairfax County, Virginia",2486,102,1648,176,838,175
1400000US51059480100,51059480100,"Census Tract 4801, Fairfax County, Virginia",1370,101,1318,104,52,37
1400000US51059480200,51059480200,"Census Tract 4802, Fairfax County, Virginia",3702,258,2258,219,1444,235
1400000US51059480300,51059480300,"Census Tract 4803, Fairfax County, Virginia",2249,125,2104,138,145,79
1400000US51059480400,51059480400,"Census Tract 4804, Fairfax County, Virginia",3076,168,2906,193,170,102
1400000US51059480500,51059480500,"Census Tract 4805, Fairfax County, Virginia",5950,185,4690,236,1260,234
1400000US51059480800,51059480800,"Census Tract 4808, Fairfax County, Virginia",3172,275,2346,251,826,205
1400000US51059480900,51059480900,"Census Tract 4809, Fairfax County, Virginia",5029,336,2963,360,2066,369
1400000US51059481000,51059481000,"Census Tract 4810, Fairfax County, Virginia",1430,95,747,111,683,96
1400000US51059481100,51059481100,"Census Tract 4811, Fairfax County, Virginia",7364,249,5002,239,2362,297
1400000US51059481200,51059481200,"Census Tract 4812, Fairfax County, Virginia",2281,121,1414,169,867,174
1400000US51059481400,51059481400,"Census Tract 4814, Fairfax County, Virginia",2608,129,1998,164,610,191
1400000US51059481500,51059481500,"Census Tract 4815, Fairfax County, Virginia",764,52,722,63,42,43
1400000US51059481600,51059481600,"Census Tract 4816, Fairfax County, Virginia",1130,38,1090,47,40,33
1400000US51059481700,51059481700,"Census Tract 4817, Fairfax County, Virginia",3699,166,3188,219,511,166
1400000US51059481900,51059481900,"Census Tract 4819, Fairfax County, Virginia",2055,104,1400,129,655,163
1400000US51059482000,51059482000,"Census Tract 4820, Fairfax County, Virginia",3353,140,2802,163,551,152
1400000US51059482100,51059482100,"Census Tract 4821, Fairfax County, Virginia",1395,86,1082,109,313,100
1400000US51059482200,51059482200,"Census Tract 4822, Fairfax County, Virginia",4300,190,2176,233,2124,226
1400000US51059482300,51059482300,"Census Tract 4823, Fairfax County, Virginia",5175,192,3805,266,1370,251
1400000US51059482400,51059482400,"Census Tract 4824, Fairfax County, Virginia",741,48,723,50,18,21
1400000US51059482500,51059482500,"Census Tract 4825, Fairfax County, Virginia",5948,226,4563,220,1385,211
1400000US51059482600,51059482600,"Census Tract 4826, Fairfax County, Virginia",4320,126,3931,198,389,164
1400000US51059490100,51059490100,"Census Tract 4901, Fairfax County, Virginia",3530,161,2689,168,841,173
1400000US51059490500,51059490500,"Census Tract 4905, Fairfax County, Virginia",3129,136,2307,185,822,157
1400000US51059490900,51059490900,"Census Tract 4909, Fairfax County, Virginia",107,17,96,17,11,11
1400000US51059491000,51059491000,"Census Tract 4910, Fairfax County, Virginia",558,31,550,34,8,15
1400000US51059491100,51059491100,"Census Tract 4911, Fairfax County, Virginia",4332,101,4073,138,259,97
1400000US51059491200,51059491200,"Census Tract 4912, Fairfax County, Virginia",2788,157,1432,157,1356,175
1400000US51059491300,51059491300,"Census Tract 4913, Fairfax County, Virginia",4610,174,3111,227,1499,232
1400000US51059491400,51059491400,"Census Tract 4914, Fairfax County, Virginia",6389,125,5594,231,795,206
1400000US51059491500,51059491500,"Census Tract 4915, Fairfax County, Virginia",4143,170,3457,228,686,211
1400000US51059491600,51059491600,"Census Tract 4916, Fairfax County, Virginia",3003,103,2407,139,596,118
1400000US51059491700,51059491700,"Census Tract 4917, Fairfax County, Virginia",8464,229,3628,288,4836,342
1400000US51059491800,51059491800,"Census Tract 4918, Fairfax County, Virginia",4686,147,3292,193,1394,198
1400000US51059491900,51059491900,"Census Tract 4919, Fairfax County, Virginia",1228,75,1181,77,47,34
1400000US51059492000,51059492000,"Census Tract 4920, Fairfax County, Virginia",2149,46,2120,56,29,28
1400000US51059492100,51059492100,"Census Tract 4921, Fairfax County, Virginia",2207,36,2074,88,133,82
1400000US51059492200,51059492200,"Census Tract 4922, Fairfax County, Virginia",4240,113,4051,149,189,91
1400000US51059492300,51059492300,"Census Tract 4923, Fairfax County, Virginia",1071,48,983,65,88,54
1400000US51059492400,51059492400,"Census Tract 4924, Fairfax County, Virginia",1671,53,1327,123,344,109
1400000US51510200101,51510200101,"Census Tract 2001.01, Alexandria city, Virginia",4526,274,1537,228,2989,270
1400000US51510200102,51510200102,"Census Tract 2001.02, Alexandria city, Virginia",1529,115,477,86,1052,112
1400000US51510200103,51510200103,"Census Tract 2001.03, Alexandria city, Virginia",2717,167,1155,177,1562,212
1400000US51510200104,51510200104,"Census Tract 2001.04, Alexandria city, Virginia",1318,113,0,127,1318,113
1400000US51510200105,51510200105,"Census Tract 2001.05, Alexandria city, Virginia",2242,144,0,127,2242,144
1400000US51510200201,51510200201,"Census Tract 2002.01, Alexandria city, Virginia",1318,154,581,101,737,153
1400000US51510200202,51510200202,"Census Tract 2002.02, Alexandria city, Virginia",693,29,643,44,50,32
1400000US51510200301,51510200301,"Census Tract 2003.01, Alexandria city, Virginia",1143,133,379,102,764,120
1400000US51510200302,51510200302,"Census Tract 2003.02, Alexandria city, Virginia",1372,78,645,86,727,97
1400000US51510200303,51510200303,"Census Tract 2003.03, Alexandria city, Virginia",2559,210,971,196,1588,215
1400000US51510200401,51510200401,"Census Tract 2004.01, Alexandria city, Virginia",5381,264,2478,273,2903,293
1400000US51510200402,51510200402,"Census Tract 2004.02, Alexandria city, Virginia",4274,232,1822,237,2452,335
1400000US51510200500,51510200500,"Census Tract 2005, Alexandria city, Virginia",2477,149,204,83,2273,156
1400000US51510200600,51510200600,"Census Tract 2006, Alexandria city, Virginia",1854,92,1428,162,426,134
1400000US51510200700,51510200700,"Census Tract 2007, Alexandria city, Virginia",3322,216,1243,156,2079,220
1400000US51510200801,51510200801,"Census Tract 2008.01, Alexandria city, Virginia",970,48,792,99,178,87
1400000US51510200802,51510200802,"Census Tract 2008.02, Alexandria city, Virginia",1279,111,784,124,495,106
1400000US51510200900,51510200900,"Census Tract 2009, Alexandria city, Virginia",1899,71,1694,98,205,81
1400000US51510201000,51510201000,"Census Tract 2010, Alexandria city, Virginia",1965,65,1313,142,652,131
1400000US51510201100,51510201100,"Census Tract 2011, Alexandria city, Virginia",1132,72,742,90,390,75
1400000US51510201202,51510201202,"Census Tract 2012.02, Alexandria city, Virginia",1316,102,665,102,651,103
1400000US51510201203,51510201203,"Census Tract 2012.03, Alexandria city, Virginia",2127,210,317,116,1810,193
1400000US51510201204,51510201204,"Census Tract 2012.04, Alexandria city, Virginia",1197,104,561,101,636,123
1400000US51510201300,51510201300,"Census Tract 2013, Alexandria city, Virginia",1395,111,938,122,457,113
1400000US51510201400,51510201400,"Census Tract 2014, Alexandria city, Virginia",1834,82,1129,113,705,128
1400000US51510201500,51510201500,"Census Tract 2015, Alexandria city, Virginia",1388,78,1157,92,231,77
1400000US51510201600,51510201600,"Census Tract 2016, Alexandria city, Virginia",2234,135,1081,172,1153,182
1400000US51510201801,51510201801,"Census Tract 2018.01, Alexandria city, Virginia",2935,194,1928,198,1007,181
1400000US51510201802,51510201802,"Census Tract 2018.02, Alexandria city, Virginia",941,66,566,88,375,113
1400000US51510201900,51510201900,"Census Tract 2019, Alexandria city, Virginia",911,87,502,110,409,89
1400000US51510202001,51510202001,"Census Tract 2020.01, Alexandria city, Virginia",1011,94,856,103,155,73
1400000US51510202002,51510202002,"Census Tract 2020.02, Alexandria city, Virginia",1601,106,752,89,849,120
1400000US51610500100,51610500100,"Census Tract 5001, Falls Church city, Virginia",964,67,881,76,83,43
1400000US51610500200,51610500200,"Census Tract 5002, Falls Church city, Virginia",1859,107,1299,137,560,117
1400000US51610500300,51610500300,"Census Tract 5003, Falls Church city, Virginia",1307,116,778,99,529,98
