GEO.id,GEO.id2,GEO.display-label,HD01_VD01,HD02_VD01
Id,Id2,Geography,Estimate; Median gross rent,Margin of Error; Median gross rent
1400000US11001000100,11001000100,"Census Tract 1, District of Columbia, District of Columbia",1831,184
1400000US11001000201,11001000201,"Census Tract 2.01, District of Columbia, District of Columbia",-,**
1400000US11001000202,11001000202,"Census Tract 2.02, District of Columbia, District of Columbia","2,000+",***
1400000US11001000300,11001000300,"Census Tract 3, District of Columbia, District of Columbia",1731,107
1400000US11001000400,11001000400,"Census Tract 4, District of Columbia, District of Columbia","2,000+",***
1400000US11001000501,11001000501,"Census Tract 5.01, District of Columbia, District of Columbia",1694,113
1400000US11001000502,11001000502,"Census Tract 5.02, District of Columbia, District of Columbia",1540,95
1400000US11001000600,11001000600,"Census Tract 6, District of Columbia, District of Columbia",1446,68
1400000US11001000701,11001000701,"Census Tract 7.01, District of Columbia, District of Columbia",1411,76
1400000US11001000702,11001000702,"Census Tract 7.02, District of Columbia, District of Columbia",1428,73
1400000US11001000801,11001000801,"Census Tract 8.01, District of Columbia, District of Columbia",1906,89
1400000US11001000802,11001000802,"Census Tract 8.02, District of Columbia, District of Columbia",1427,111
1400000US11001000901,11001000901,"Census Tract 9.01, District of Columbia, District of Columbia",1579,228
1400000US11001000902,11001000902,"Census Tract 9.02, District of Columbia, District of Columbia","2,000+",***
1400000US11001001001,11001001001,"Census Tract 10.01, District of Columbia, District of Columbia",1737,203
1400000US11001001002,11001001002,"Census Tract 10.02, District of Columbia, District of Columbia",1671,225
1400000US11001001100,11001001100,"Census Tract 11, District of Columbia, District of Columbia",1677,222
1400000US11001001200,11001001200,"Census Tract 12, District of Columbia, District of Columbia",1592,164
1400000US11001001301,11001001301,"Census Tract 13.01, District of Columbia, District of Columbia",1823,127
1400000US11001001302,11001001302,"Census Tract 13.02, District of Columbia, District of Columbia",1563,77
1400000US11001001401,11001001401,"Census Tract 14.01, District of Columbia, District of Columbia",1483,138
1400000US11001001402,11001001402,"Census Tract 14.02, District of Columbia, District of Columbia",991,204
1400000US11001001500,11001001500,"Census Tract 15, District of Columbia, District of Columbia","2,000+",***
1400000US11001001600,11001001600,"Census Tract 16, District of Columbia, District of Columbia",1092,189
1400000US11001001702,11001001702,"Census Tract 17.02, District of Columbia, District of Columbia",1725,220
1400000US11001001803,11001001803,"Census Tract 18.03, District of Columbia, District of Columbia",1013,62
1400000US11001001804,11001001804,"Census Tract 18.04, District of Columbia, District of Columbia",974,47
1400000US11001001901,11001001901,"Census Tract 19.01, District of Columbia, District of Columbia",975,211
1400000US11001001902,11001001902,"Census Tract 19.02, District of Columbia, District of Columbia",1107,659
1400000US11001002001,11001002001,"Census Tract 20.01, District of Columbia, District of Columbia",1046,92
1400000US11001002002,11001002002,"Census Tract 20.02, District of Columbia, District of Columbia",1028,118
1400000US11001002101,11001002101,"Census Tract 21.01, District of Columbia, District of Columbia",982,103
1400000US11001002102,11001002102,"Census Tract 21.02, District of Columbia, District of Columbia",944,95
1400000US11001002201,11001002201,"Census Tract 22.01, District of Columbia, District of Columbia",1784,267
1400000US11001002202,11001002202,"Census Tract 22.02, District of Columbia, District of Columbia",868,108
1400000US11001002301,11001002301,"Census Tract 23.01, District of Columbia, District of Columbia",942,147
1400000US11001002302,11001002302,"Census Tract 23.02, District of Columbia, District of Columbia",1782,129
1400000US11001002400,11001002400,"Census Tract 24, District of Columbia, District of Columbia",1084,297
1400000US11001002501,11001002501,"Census Tract 25.01, District of Columbia, District of Columbia",897,353
1400000US11001002502,11001002502,"Census Tract 25.02, District of Columbia, District of Columbia",1063,198
1400000US11001002600,11001002600,"Census Tract 26, District of Columbia, District of Columbia",1457,429
1400000US11001002701,11001002701,"Census Tract 27.01, District of Columbia, District of Columbia",1230,95
1400000US11001002702,11001002702,"Census Tract 27.02, District of Columbia, District of Columbia",1249,115
1400000US11001002801,11001002801,"Census Tract 28.01, District of Columbia, District of Columbia",1051,146
1400000US11001002802,11001002802,"Census Tract 28.02, District of Columbia, District of Columbia",1008,110
1400000US11001002900,11001002900,"Census Tract 29, District of Columbia, District of Columbia",997,94
1400000US11001003000,11001003000,"Census Tract 30, District of Columbia, District of Columbia",1519,267
1400000US11001003100,11001003100,"Census Tract 31, District of Columbia, District of Columbia",1184,301
1400000US11001003200,11001003200,"Census Tract 32, District of Columbia, District of Columbia",791,157
1400000US11001003301,11001003301,"Census Tract 33.01, District of Columbia, District of Columbia","2,000+",***
1400000US11001003302,11001003302,"Census Tract 33.02, District of Columbia, District of Columbia",1347,153
1400000US11001003400,11001003400,"Census Tract 34, District of Columbia, District of Columbia",638,986
1400000US11001003500,11001003500,"Census Tract 35, District of Columbia, District of Columbia",966,212
1400000US11001003600,11001003600,"Census Tract 36, District of Columbia, District of Columbia",1098,75
1400000US11001003700,11001003700,"Census Tract 37, District of Columbia, District of Columbia",1131,98
1400000US11001003800,11001003800,"Census Tract 38, District of Columbia, District of Columbia",1368,96
1400000US11001003900,11001003900,"Census Tract 39, District of Columbia, District of Columbia",1404,56
1400000US11001004001,11001004001,"Census Tract 40.01, District of Columbia, District of Columbia",1634,143
1400000US11001004002,11001004002,"Census Tract 40.02, District of Columbia, District of Columbia",1538,100
1400000US11001004100,11001004100,"Census Tract 41, District of Columbia, District of Columbia",1900,244
1400000US11001004201,11001004201,"Census Tract 42.01, District of Columbia, District of Columbia",1688,135
1400000US11001004202,11001004202,"Census Tract 42.02, District of Columbia, District of Columbia",1566,131
1400000US11001004300,11001004300,"Census Tract 43, District of Columbia, District of Columbia",1231,131
1400000US11001004400,11001004400,"Census Tract 44, District of Columbia, District of Columbia",1813,197
1400000US11001004600,11001004600,"Census Tract 46, District of Columbia, District of Columbia",1216,226
1400000US11001004701,11001004701,"Census Tract 47.01, District of Columbia, District of Columbia",616,328
1400000US11001004702,11001004702,"Census Tract 47.02, District of Columbia, District of Columbia",1396,631
1400000US11001004801,11001004801,"Census Tract 48.01, District of Columbia, District of Columbia",920,365
1400000US11001004802,11001004802,"Census Tract 48.02, District of Columbia, District of Columbia",993,552
1400000US11001004901,11001004901,"Census Tract 49.01, District of Columbia, District of Columbia",678,235
1400000US11001004902,11001004902,"Census Tract 49.02, District of Columbia, District of Columbia",1581,277
1400000US11001005001,11001005001,"Census Tract 50.01, District of Columbia, District of Columbia",1789,198
1400000US11001005002,11001005002,"Census Tract 50.02, District of Columbia, District of Columbia",1317,124
1400000US11001005201,11001005201,"Census Tract 52.01, District of Columbia, District of Columbia",1550,114
1400000US11001005301,11001005301,"Census Tract 53.01, District of Columbia, District of Columbia",1693,70
1400000US11001005500,11001005500,"Census Tract 55, District of Columbia, District of Columbia",1943,108
1400000US11001005600,11001005600,"Census Tract 56, District of Columbia, District of Columbia",1596,97
1400000US11001005800,11001005800,"Census Tract 58, District of Columbia, District of Columbia","2,000+",***
1400000US11001005900,11001005900,"Census Tract 59, District of Columbia, District of Columbia","2,000+",***
1400000US11001006202,11001006202,"Census Tract 62.02, District of Columbia, District of Columbia",-,**
1400000US11001006400,11001006400,"Census Tract 64, District of Columbia, District of Columbia",368,64
1400000US11001006500,11001006500,"Census Tract 65, District of Columbia, District of Columbia",1486,223
1400000US11001006600,11001006600,"Census Tract 66, District of Columbia, District of Columbia",1653,246
1400000US11001006700,11001006700,"Census Tract 67, District of Columbia, District of Columbia",1612,254
1400000US11001006801,11001006801,"Census Tract 68.01, District of Columbia, District of Columbia",1144,198
1400000US11001006802,11001006802,"Census Tract 68.02, District of Columbia, District of Columbia",1432,265
1400000US11001006804,11001006804,"Census Tract 68.04, District of Columbia, District of Columbia",-,**
1400000US11001006900,11001006900,"Census Tract 69, District of Columbia, District of Columbia",1208,357
1400000US11001007000,11001007000,"Census Tract 70, District of Columbia, District of Columbia",1468,169
1400000US11001007100,11001007100,"Census Tract 71, District of Columbia, District of Columbia",396,508
1400000US11001007200,11001007200,"Census Tract 72, District of Columbia, District of Columbia",1856,235
1400000US11001007301,11001007301,"Census Tract 73.01, District of Columbia, District of Columbia","2,000+",***
1400000US11001007304,11001007304,"Census Tract 73.04, District of Columbia, District of Columbia",626,123
1400000US11001007401,11001007401,"Census Tract 74.01, District of Columbia, District of Columbia",393,94
1400000US11001007403,11001007403,"Census Tract 74.03, District of Columbia, District of Columbia",966,37
1400000US11001007404,11001007404,"Census Tract 74.04, District of Columbia, District of Columbia",1023,186
1400000US11001007406,11001007406,"Census Tract 74.06, District of Columbia, District of Columbia",1074,56
1400000US11001007407,11001007407,"Census Tract 74.07, District of Columbia, District of Columbia",929,42
1400000US11001007408,11001007408,"Census Tract 74.08, District of Columbia, District of Columbia",895,112
1400000US11001007409,11001007409,"Census Tract 74.09, District of Columbia, District of Columbia",830,67
1400000US11001007502,11001007502,"Census Tract 75.02, District of Columbia, District of Columbia",858,97
1400000US11001007503,11001007503,"Census Tract 75.03, District of Columbia, District of Columbia",1024,114
1400000US11001007504,11001007504,"Census Tract 75.04, District of Columbia, District of Columbia",842,120
1400000US11001007601,11001007601,"Census Tract 76.01, District of Columbia, District of Columbia",873,88
1400000US11001007603,11001007603,"Census Tract 76.03, District of Columbia, District of Columbia",884,66
1400000US11001007604,11001007604,"Census Tract 76.04, District of Columbia, District of Columbia",953,69
1400000US11001007605,11001007605,"Census Tract 76.05, District of Columbia, District of Columbia",947,54
1400000US11001007703,11001007703,"Census Tract 77.03, District of Columbia, District of Columbia",860,43
1400000US11001007707,11001007707,"Census Tract 77.07, District of Columbia, District of Columbia",730,126
1400000US11001007708,11001007708,"Census Tract 77.08, District of Columbia, District of Columbia",871,73
1400000US11001007709,11001007709,"Census Tract 77.09, District of Columbia, District of Columbia",884,65
1400000US11001007803,11001007803,"Census Tract 78.03, District of Columbia, District of Columbia",1107,50
1400000US11001007804,11001007804,"Census Tract 78.04, District of Columbia, District of Columbia",608,61
1400000US11001007806,11001007806,"Census Tract 78.06, District of Columbia, District of Columbia",831,123
1400000US11001007807,11001007807,"Census Tract 78.07, District of Columbia, District of Columbia",845,107
1400000US11001007808,11001007808,"Census Tract 78.08, District of Columbia, District of Columbia",496,181
1400000US11001007809,11001007809,"Census Tract 78.09, District of Columbia, District of Columbia",916,56
1400000US11001007901,11001007901,"Census Tract 79.01, District of Columbia, District of Columbia",1013,142
1400000US11001007903,11001007903,"Census Tract 79.03, District of Columbia, District of Columbia",863,242
1400000US11001008001,11001008001,"Census Tract 80.01, District of Columbia, District of Columbia",1438,316
1400000US11001008002,11001008002,"Census Tract 80.02, District of Columbia, District of Columbia",1483,407
1400000US11001008100,11001008100,"Census Tract 81, District of Columbia, District of Columbia",1499,230
1400000US11001008200,11001008200,"Census Tract 82, District of Columbia, District of Columbia",1450,145
1400000US11001008301,11001008301,"Census Tract 83.01, District of Columbia, District of Columbia",1825,132
1400000US11001008302,11001008302,"Census Tract 83.02, District of Columbia, District of Columbia",1788,117
1400000US11001008402,11001008402,"Census Tract 84.02, District of Columbia, District of Columbia",1204,109
1400000US11001008410,11001008410,"Census Tract 84.10, District of Columbia, District of Columbia",1427,101
1400000US11001008701,11001008701,"Census Tract 87.01, District of Columbia, District of Columbia",1202,239
1400000US11001008702,11001008702,"Census Tract 87.02, District of Columbia, District of Columbia",840,165
1400000US11001008802,11001008802,"Census Tract 88.02, District of Columbia, District of Columbia",964,159
1400000US11001008803,11001008803,"Census Tract 88.03, District of Columbia, District of Columbia",898,84
1400000US11001008804,11001008804,"Census Tract 88.04, District of Columbia, District of Columbia",1020,83
1400000US11001008903,11001008903,"Census Tract 89.03, District of Columbia, District of Columbia",1010,143
1400000US11001008904,11001008904,"Census Tract 89.04, District of Columbia, District of Columbia",764,29
1400000US11001009000,11001009000,"Census Tract 90, District of Columbia, District of Columbia",407,129
1400000US11001009102,11001009102,"Census Tract 91.02, District of Columbia, District of Columbia",687,87
1400000US11001009201,11001009201,"Census Tract 92.01, District of Columbia, District of Columbia",1122,86
1400000US11001009203,11001009203,"Census Tract 92.03, District of Columbia, District of Columbia",973,156
1400000US11001009204,11001009204,"Census Tract 92.04, District of Columbia, District of Columbia",435,557
1400000US11001009301,11001009301,"Census Tract 93.01, District of Columbia, District of Columbia",1165,281
1400000US11001009302,11001009302,"Census Tract 93.02, District of Columbia, District of Columbia",1091,369
1400000US11001009400,11001009400,"Census Tract 94, District of Columbia, District of Columbia",809,316
1400000US11001009501,11001009501,"Census Tract 95.01, District of Columbia, District of Columbia",1076,90
1400000US11001009503,11001009503,"Census Tract 95.03, District of Columbia, District of Columbia",1355,115
1400000US11001009504,11001009504,"Census Tract 95.04, District of Columbia, District of Columbia",922,113
1400000US11001009505,11001009505,"Census Tract 95.05, District of Columbia, District of Columbia",1514,395
1400000US11001009507,11001009507,"Census Tract 95.07, District of Columbia, District of Columbia",1066,481
1400000US11001009508,11001009508,"Census Tract 95.08, District of Columbia, District of Columbia",1123,110
1400000US11001009509,11001009509,"Census Tract 95.09, District of Columbia, District of Columbia",1234,234
1400000US11001009601,11001009601,"Census Tract 96.01, District of Columbia, District of Columbia",429,182
1400000US11001009602,11001009602,"Census Tract 96.02, District of Columbia, District of Columbia",811,56
1400000US11001009603,11001009603,"Census Tract 96.03, District of Columbia, District of Columbia",949,59
1400000US11001009604,11001009604,"Census Tract 96.04, District of Columbia, District of Columbia",936,72
1400000US11001009700,11001009700,"Census Tract 97, District of Columbia, District of Columbia",1022,119
1400000US11001009801,11001009801,"Census Tract 98.01, District of Columbia, District of Columbia",897,137
1400000US11001009802,11001009802,"Census Tract 98.02, District of Columbia, District of Columbia",611,163
1400000US11001009803,11001009803,"Census Tract 98.03, District of Columbia, District of Columbia",840,94
1400000US11001009804,11001009804,"Census Tract 98.04, District of Columbia, District of Columbia",973,62
1400000US11001009807,11001009807,"Census Tract 98.07, District of Columbia, District of Columbia",870,67
1400000US11001009810,11001009810,"Census Tract 98.10, District of Columbia, District of Columbia",853,61
1400000US11001009811,11001009811,"Census Tract 98.11, District of Columbia, District of Columbia",723,80
1400000US11001009901,11001009901,"Census Tract 99.01, District of Columbia, District of Columbia",1125,567
1400000US11001009902,11001009902,"Census Tract 99.02, District of Columbia, District of Columbia",726,253
1400000US11001009903,11001009903,"Census Tract 99.03, District of Columbia, District of Columbia",873,160
1400000US11001009904,11001009904,"Census Tract 99.04, District of Columbia, District of Columbia",869,51
1400000US11001009905,11001009905,"Census Tract 99.05, District of Columbia, District of Columbia",891,84
1400000US11001009906,11001009906,"Census Tract 99.06, District of Columbia, District of Columbia",852,62
1400000US11001009907,11001009907,"Census Tract 99.07, District of Columbia, District of Columbia",533,58
1400000US11001010100,11001010100,"Census Tract 101, District of Columbia, District of Columbia",1369,102
1400000US11001010200,11001010200,"Census Tract 102, District of Columbia, District of Columbia",1579,92
1400000US11001010300,11001010300,"Census Tract 103, District of Columbia, District of Columbia",984,161
1400000US11001010400,11001010400,"Census Tract 104, District of Columbia, District of Columbia",822,93
1400000US11001010500,11001010500,"Census Tract 105, District of Columbia, District of Columbia",1193,51
1400000US11001010600,11001010600,"Census Tract 106, District of Columbia, District of Columbia",1970,237
1400000US11001010700,11001010700,"Census Tract 107, District of Columbia, District of Columbia",1902,101
1400000US11001010800,11001010800,"Census Tract 108, District of Columbia, District of Columbia",1427,50
1400000US11001010900,11001010900,"Census Tract 109, District of Columbia, District of Columbia",1020,70
1400000US11001011000,11001011000,"Census Tract 110, District of Columbia, District of Columbia",1365,145
1400000US11001011100,11001011100,"Census Tract 111, District of Columbia, District of Columbia",821,145
1400000US24031700101,24031700101,"Census Tract 7001.01, Montgomery County, Maryland",1330,344
1400000US24031700103,24031700103,"Census Tract 7001.03, Montgomery County, Maryland","2,000+",***
1400000US24031700104,24031700104,"Census Tract 7001.04, Montgomery County, Maryland",1643,241
1400000US24031700105,24031700105,"Census Tract 7001.05, Montgomery County, Maryland",1691,197
1400000US24031700204,24031700204,"Census Tract 7002.04, Montgomery County, Maryland",1780,215
1400000US24031700205,24031700205,"Census Tract 7002.05, Montgomery County, Maryland",1563,2539
1400000US24031700206,24031700206,"Census Tract 7002.06, Montgomery County, Maryland","2,000+",***
1400000US24031700207,24031700207,"Census Tract 7002.07, Montgomery County, Maryland",1643,212
1400000US24031700208,24031700208,"Census Tract 7002.08, Montgomery County, Maryland",1080,296
1400000US24031700304,24031700304,"Census Tract 7003.04, Montgomery County, Maryland",1796,118
1400000US24031700306,24031700306,"Census Tract 7003.06, Montgomery County, Maryland","2,000+",***
1400000US24031700308,24031700308,"Census Tract 7003.08, Montgomery County, Maryland",1586,202
1400000US24031700309,24031700309,"Census Tract 7003.09, Montgomery County, Maryland",1537,122
1400000US24031700310,24031700310,"Census Tract 7003.10, Montgomery County, Maryland",1387,76
1400000US24031700311,24031700311,"Census Tract 7003.11, Montgomery County, Maryland","2,000+",***
1400000US24031700312,24031700312,"Census Tract 7003.12, Montgomery County, Maryland",1841,1029
1400000US24031700400,24031700400,"Census Tract 7004, Montgomery County, Maryland",1234,208
1400000US24031700500,24031700500,"Census Tract 7005, Montgomery County, Maryland",1551,748
1400000US24031700604,24031700604,"Census Tract 7006.04, Montgomery County, Maryland","2,000+",***
1400000US24031700606,24031700606,"Census Tract 7006.06, Montgomery County, Maryland","2,000+",***
1400000US24031700607,24031700607,"Census Tract 7006.07, Montgomery County, Maryland","2,000+",***
1400000US24031700608,24031700608,"Census Tract 7006.08, Montgomery County, Maryland","2,000+",***
1400000US24031700610,24031700610,"Census Tract 7006.10, Montgomery County, Maryland","2,000+",***
1400000US24031700611,24031700611,"Census Tract 7006.11, Montgomery County, Maryland","2,000+",***
1400000US24031700613,24031700613,"Census Tract 7006.13, Montgomery County, Maryland",1744,101
1400000US24031700614,24031700614,"Census Tract 7006.14, Montgomery County, Maryland",1458,160
1400000US24031700615,24031700615,"Census Tract 7006.15, Montgomery County, Maryland","2,000+",***
1400000US24031700616,24031700616,"Census Tract 7006.16, Montgomery County, Maryland","2,000+",***
1400000US24031700704,24031700704,"Census Tract 7007.04, Montgomery County, Maryland",1091,173
1400000US24031700706,24031700706,"Census Tract 7007.06, Montgomery County, Maryland",1395,52
1400000US24031700710,24031700710,"Census Tract 7007.10, Montgomery County, Maryland",1383,205
1400000US24031700711,24031700711,"Census Tract 7007.11, Montgomery County, Maryland",1621,190
1400000US24031700713,24031700713,"Census Tract 7007.13, Montgomery County, Maryland",1353,63
1400000US24031700715,24031700715,"Census Tract 7007.15, Montgomery County, Maryland","2,000+",***
1400000US24031700716,24031700716,"Census Tract 7007.16, Montgomery County, Maryland",1661,227
1400000US24031700717,24031700717,"Census Tract 7007.17, Montgomery County, Maryland",1247,172
1400000US24031700718,24031700718,"Census Tract 7007.18, Montgomery County, Maryland","2,000+",***
1400000US24031700719,24031700719,"Census Tract 7007.19, Montgomery County, Maryland",1243,80
1400000US24031700720,24031700720,"Census Tract 7007.20, Montgomery County, Maryland",1513,143
1400000US24031700721,24031700721,"Census Tract 7007.21, Montgomery County, Maryland",1327,122
1400000US24031700722,24031700722,"Census Tract 7007.22, Montgomery County, Maryland",1425,90
1400000US24031700723,24031700723,"Census Tract 7007.23, Montgomery County, Maryland",1326,137
1400000US24031700724,24031700724,"Census Tract 7007.24, Montgomery County, Maryland",1199,105
1400000US24031700810,24031700810,"Census Tract 7008.10, Montgomery County, Maryland",1799,153
1400000US24031700811,24031700811,"Census Tract 7008.11, Montgomery County, Maryland",1943,563
1400000US24031700812,24031700812,"Census Tract 7008.12, Montgomery County, Maryland",1415,44
1400000US24031700813,24031700813,"Census Tract 7008.13, Montgomery County, Maryland",1359,340
1400000US24031700815,24031700815,"Census Tract 7008.15, Montgomery County, Maryland",1729,93
1400000US24031700816,24031700816,"Census Tract 7008.16, Montgomery County, Maryland",1387,52
1400000US24031700817,24031700817,"Census Tract 7008.17, Montgomery County, Maryland",1684,63
1400000US24031700818,24031700818,"Census Tract 7008.18, Montgomery County, Maryland",1361,52
1400000US24031700819,24031700819,"Census Tract 7008.19, Montgomery County, Maryland",1688,132
1400000US24031700820,24031700820,"Census Tract 7008.20, Montgomery County, Maryland",1483,114
1400000US24031700822,24031700822,"Census Tract 7008.22, Montgomery County, Maryland",1355,95
1400000US24031700823,24031700823,"Census Tract 7008.23, Montgomery County, Maryland",1958,298
1400000US24031700824,24031700824,"Census Tract 7008.24, Montgomery County, Maryland",1409,166
1400000US24031700826,24031700826,"Census Tract 7008.26, Montgomery County, Maryland",1792,129
1400000US24031700828,24031700828,"Census Tract 7008.28, Montgomery County, Maryland",1763,58
1400000US24031700829,24031700829,"Census Tract 7008.29, Montgomery County, Maryland",1918,149
1400000US24031700830,24031700830,"Census Tract 7008.30, Montgomery County, Maryland",1738,48
1400000US24031700832,24031700832,"Census Tract 7008.32, Montgomery County, Maryland",1654,159
1400000US24031700833,24031700833,"Census Tract 7008.33, Montgomery County, Maryland",1560,484
1400000US24031700834,24031700834,"Census Tract 7008.34, Montgomery County, Maryland",1642,136
1400000US24031700835,24031700835,"Census Tract 7008.35, Montgomery County, Maryland","2,000+",***
1400000US24031700901,24031700901,"Census Tract 7009.01, Montgomery County, Maryland",1536,174
1400000US24031700902,24031700902,"Census Tract 7009.02, Montgomery County, Maryland",1534,244
1400000US24031700903,24031700903,"Census Tract 7009.03, Montgomery County, Maryland",1397,82
1400000US24031700904,24031700904,"Census Tract 7009.04, Montgomery County, Maryland",1356,76
1400000US24031700905,24031700905,"Census Tract 7009.05, Montgomery County, Maryland",1682,49
1400000US24031701001,24031701001,"Census Tract 7010.01, Montgomery County, Maryland",1464,102
1400000US24031701002,24031701002,"Census Tract 7010.02, Montgomery County, Maryland","2,000+",***
1400000US24031701004,24031701004,"Census Tract 7010.04, Montgomery County, Maryland",1813,224
1400000US24031701005,24031701005,"Census Tract 7010.05, Montgomery County, Maryland","2,000+",***
1400000US24031701006,24031701006,"Census Tract 7010.06, Montgomery County, Maryland",1714,1124
1400000US24031701007,24031701007,"Census Tract 7010.07, Montgomery County, Maryland",1861,128
1400000US24031701101,24031701101,"Census Tract 7011.01, Montgomery County, Maryland","2,000+",***
1400000US24031701102,24031701102,"Census Tract 7011.02, Montgomery County, Maryland",1929,220
1400000US24031701201,24031701201,"Census Tract 7012.01, Montgomery County, Maryland",1418,76
1400000US24031701202,24031701202,"Census Tract 7012.02, Montgomery County, Maryland","2,000+",***
1400000US24031701205,24031701205,"Census Tract 7012.05, Montgomery County, Maryland","2,000+",***
1400000US24031701206,24031701206,"Census Tract 7012.06, Montgomery County, Maryland","2,000+",***
1400000US24031701210,24031701210,"Census Tract 7012.10, Montgomery County, Maryland","2,000+",***
1400000US24031701211,24031701211,"Census Tract 7012.11, Montgomery County, Maryland",1811,112
1400000US24031701212,24031701212,"Census Tract 7012.12, Montgomery County, Maryland",1979,360
1400000US24031701213,24031701213,"Census Tract 7012.13, Montgomery County, Maryland",1965,119
1400000US24031701214,24031701214,"Census Tract 7012.14, Montgomery County, Maryland",1688,117
1400000US24031701215,24031701215,"Census Tract 7012.15, Montgomery County, Maryland",1656,97
1400000US24031701216,24031701216,"Census Tract 7012.16, Montgomery County, Maryland",1999,187
1400000US24031701218,24031701218,"Census Tract 7012.18, Montgomery County, Maryland",1658,103
1400000US24031701219,24031701219,"Census Tract 7012.19, Montgomery County, Maryland",1461,68
1400000US24031701220,24031701220,"Census Tract 7012.20, Montgomery County, Maryland","2,000+",***
1400000US24031701221,24031701221,"Census Tract 7012.21, Montgomery County, Maryland",1718,156
1400000US24031701303,24031701303,"Census Tract 7013.03, Montgomery County, Maryland","2,000+",***
1400000US24031701304,24031701304,"Census Tract 7013.04, Montgomery County, Maryland","2,000+",***
1400000US24031701306,24031701306,"Census Tract 7013.06, Montgomery County, Maryland",-,**
1400000US24031701307,24031701307,"Census Tract 7013.07, Montgomery County, Maryland",1790,267
1400000US24031701308,24031701308,"Census Tract 7013.08, Montgomery County, Maryland",357,253
1400000US24031701312,24031701312,"Census Tract 7013.12, Montgomery County, Maryland",1085,578
1400000US24031701313,24031701313,"Census Tract 7013.13, Montgomery County, Maryland",1957,355
1400000US24031701314,24031701314,"Census Tract 7013.14, Montgomery County, Maryland",1692,418
1400000US24031701315,24031701315,"Census Tract 7013.15, Montgomery County, Maryland",1450,235
1400000US24031701316,24031701316,"Census Tract 7013.16, Montgomery County, Maryland",1408,337
1400000US24031701317,24031701317,"Census Tract 7013.17, Montgomery County, Maryland",1433,538
1400000US24031701407,24031701407,"Census Tract 7014.07, Montgomery County, Maryland","2,000+",***
1400000US24031701408,24031701408,"Census Tract 7014.08, Montgomery County, Maryland",1090,1029
1400000US24031701409,24031701409,"Census Tract 7014.09, Montgomery County, Maryland",1375,705
1400000US24031701410,24031701410,"Census Tract 7014.10, Montgomery County, Maryland",1534,296
1400000US24031701414,24031701414,"Census Tract 7014.14, Montgomery County, Maryland",1574,150
1400000US24031701415,24031701415,"Census Tract 7014.15, Montgomery County, Maryland",1240,723
1400000US24031701417,24031701417,"Census Tract 7014.17, Montgomery County, Maryland",1528,132
1400000US24031701418,24031701418,"Census Tract 7014.18, Montgomery County, Maryland",1838,296
1400000US24031701420,24031701420,"Census Tract 7014.20, Montgomery County, Maryland","2,000+",***
1400000US24031701421,24031701421,"Census Tract 7014.21, Montgomery County, Maryland",1449,565
1400000US24031701422,24031701422,"Census Tract 7014.22, Montgomery County, Maryland",1378,51
1400000US24031701423,24031701423,"Census Tract 7014.23, Montgomery County, Maryland",1585,152
1400000US24031701503,24031701503,"Census Tract 7015.03, Montgomery County, Maryland","2,000+",***
1400000US24031701505,24031701505,"Census Tract 7015.05, Montgomery County, Maryland",1543,142
1400000US24031701506,24031701506,"Census Tract 7015.06, Montgomery County, Maryland","2,000+",***
1400000US24031701507,24031701507,"Census Tract 7015.07, Montgomery County, Maryland",1158,70
1400000US24031701508,24031701508,"Census Tract 7015.08, Montgomery County, Maryland",1498,93
1400000US24031701509,24031701509,"Census Tract 7015.09, Montgomery County, Maryland",1322,56
1400000US24031701601,24031701601,"Census Tract 7016.01, Montgomery County, Maryland",1601,149
1400000US24031701602,24031701602,"Census Tract 7016.02, Montgomery County, Maryland",1349,51
1400000US24031701701,24031701701,"Census Tract 7017.01, Montgomery County, Maryland",898,160
1400000US24031701702,24031701702,"Census Tract 7017.02, Montgomery County, Maryland",887,58
1400000US24031701703,24031701703,"Census Tract 7017.03, Montgomery County, Maryland",976,56
1400000US24031701704,24031701704,"Census Tract 7017.04, Montgomery County, Maryland",969,152
1400000US24031701800,24031701800,"Census Tract 7018, Montgomery County, Maryland",1002,80
1400000US24031701900,24031701900,"Census Tract 7019, Montgomery County, Maryland",1181,74
1400000US24031702000,24031702000,"Census Tract 7020, Montgomery County, Maryland",1153,64
1400000US24031702101,24031702101,"Census Tract 7021.01, Montgomery County, Maryland",1217,83
1400000US24031702102,24031702102,"Census Tract 7021.02, Montgomery County, Maryland","2,000+",***
1400000US24031702200,24031702200,"Census Tract 7022, Montgomery County, Maryland",1280,160
1400000US24031702301,24031702301,"Census Tract 7023.01, Montgomery County, Maryland",1279,70
1400000US24031702302,24031702302,"Census Tract 7023.02, Montgomery County, Maryland",1217,97
1400000US24031702401,24031702401,"Census Tract 7024.01, Montgomery County, Maryland",1242,310
1400000US24031702402,24031702402,"Census Tract 7024.02, Montgomery County, Maryland",1254,75
1400000US24031702500,24031702500,"Census Tract 7025, Montgomery County, Maryland",1436,76
1400000US24031702601,24031702601,"Census Tract 7026.01, Montgomery County, Maryland",1665,48
1400000US24031702602,24031702602,"Census Tract 7026.02, Montgomery County, Maryland",1529,73
1400000US24031702700,24031702700,"Census Tract 7027, Montgomery County, Maryland",1351,56
1400000US24031702800,24031702800,"Census Tract 7028, Montgomery County, Maryland",1629,203
1400000US24031702900,24031702900,"Census Tract 7029, Montgomery County, Maryland",1411,65
1400000US24031703000,24031703000,"Census Tract 7030, Montgomery County, Maryland",1855,290
1400000US24031703100,24031703100,"Census Tract 7031, Montgomery County, Maryland",1986,355
1400000US24031703201,24031703201,"Census Tract 7032.01, Montgomery County, Maryland","2,000+",***
1400000US24031703202,24031703202,"Census Tract 7032.02, Montgomery County, Maryland",549,478
1400000US24031703206,24031703206,"Census Tract 7032.06, Montgomery County, Maryland",1369,94
1400000US24031703207,24031703207,"Census Tract 7032.07, Montgomery County, Maryland",1459,61
1400000US24031703208,24031703208,"Census Tract 7032.08, Montgomery County, Maryland","2,000+",***
1400000US24031703209,24031703209,"Census Tract 7032.09, Montgomery County, Maryland",1412,57
1400000US24031703210,24031703210,"Census Tract 7032.10, Montgomery County, Maryland",1878,209
1400000US24031703212,24031703212,"Census Tract 7032.12, Montgomery County, Maryland",1489,154
1400000US24031703213,24031703213,"Census Tract 7032.13, Montgomery County, Maryland",1410,47
1400000US24031703214,24031703214,"Census Tract 7032.14, Montgomery County, Maryland",1435,55
1400000US24031703215,24031703215,"Census Tract 7032.15, Montgomery County, Maryland",1658,127
1400000US24031703216,24031703216,"Census Tract 7032.16, Montgomery County, Maryland",744,883
1400000US24031703218,24031703218,"Census Tract 7032.18, Montgomery County, Maryland",1810,378
1400000US24031703219,24031703219,"Census Tract 7032.19, Montgomery County, Maryland",1133,154
1400000US24031703220,24031703220,"Census Tract 7032.20, Montgomery County, Maryland",989,561
1400000US24031703221,24031703221,"Census Tract 7032.21, Montgomery County, Maryland","2,000+",***
1400000US24031703301,24031703301,"Census Tract 7033.01, Montgomery County, Maryland",1746,402
1400000US24031703302,24031703302,"Census Tract 7033.02, Montgomery County, Maryland","2,000+",***
1400000US24031703401,24031703401,"Census Tract 7034.01, Montgomery County, Maryland",1904,231
1400000US24031703402,24031703402,"Census Tract 7034.02, Montgomery County, Maryland",1250,681
1400000US24031703403,24031703403,"Census Tract 7034.03, Montgomery County, Maryland",1896,224
1400000US24031703404,24031703404,"Census Tract 7034.04, Montgomery County, Maryland",1747,155
1400000US24031703501,24031703501,"Census Tract 7035.01, Montgomery County, Maryland",1066,454
1400000US24031703502,24031703502,"Census Tract 7035.02, Montgomery County, Maryland",850,523
1400000US24031703601,24031703601,"Census Tract 7036.01, Montgomery County, Maryland",1769,218
1400000US24031703602,24031703602,"Census Tract 7036.02, Montgomery County, Maryland",1500,1572
1400000US24031703701,24031703701,"Census Tract 7037.01, Montgomery County, Maryland",950,382
1400000US24031703702,24031703702,"Census Tract 7037.02, Montgomery County, Maryland","2,000+",***
1400000US24031703800,24031703800,"Census Tract 7038, Montgomery County, Maryland",1473,112
1400000US24031703901,24031703901,"Census Tract 7039.01, Montgomery County, Maryland",1733,113
1400000US24031703902,24031703902,"Census Tract 7039.02, Montgomery County, Maryland",1605,235
1400000US24031704000,24031704000,"Census Tract 7040, Montgomery County, Maryland",1240,114
1400000US24031704100,24031704100,"Census Tract 7041, Montgomery County, Maryland","2,000+",***
1400000US24031704200,24031704200,"Census Tract 7042, Montgomery County, Maryland",1129,163
1400000US24031704300,24031704300,"Census Tract 7043, Montgomery County, Maryland","2,000+",***
1400000US24031704401,24031704401,"Census Tract 7044.01, Montgomery County, Maryland","2,000+",***
1400000US24031704403,24031704403,"Census Tract 7044.03, Montgomery County, Maryland",1528,205
1400000US24031704404,24031704404,"Census Tract 7044.04, Montgomery County, Maryland","2,000+",***
1400000US24031704501,24031704501,"Census Tract 7045.01, Montgomery County, Maryland","2,000+",***
1400000US24031704502,24031704502,"Census Tract 7045.02, Montgomery County, Maryland","2,000+",***
1400000US24031704503,24031704503,"Census Tract 7045.03, Montgomery County, Maryland","2,000+",***
1400000US24031704600,24031704600,"Census Tract 7046, Montgomery County, Maryland",1946,164
1400000US24031704700,24031704700,"Census Tract 7047, Montgomery County, Maryland","2,000+",***
1400000US24031704803,24031704803,"Census Tract 7048.03, Montgomery County, Maryland",1491,84
1400000US24031704804,24031704804,"Census Tract 7048.04, Montgomery County, Maryland",1931,214
1400000US24031704805,24031704805,"Census Tract 7048.05, Montgomery County, Maryland",1883,254
1400000US24031704806,24031704806,"Census Tract 7048.06, Montgomery County, Maryland",1661,93
1400000US24031705000,24031705000,"Census Tract 7050, Montgomery County, Maryland","2,000+",***
1400000US24031705100,24031705100,"Census Tract 7051, Montgomery County, Maryland","2,000+",***
1400000US24031705200,24031705200,"Census Tract 7052, Montgomery County, Maryland","2,000+",***
1400000US24031705300,24031705300,"Census Tract 7053, Montgomery County, Maryland","2,000+",***
1400000US24031705400,24031705400,"Census Tract 7054, Montgomery County, Maryland","2,000+",***
1400000US24031705501,24031705501,"Census Tract 7055.01, Montgomery County, Maryland","2,000+",***
1400000US24031705502,24031705502,"Census Tract 7055.02, Montgomery County, Maryland","2,000+",***
1400000US24031705601,24031705601,"Census Tract 7056.01, Montgomery County, Maryland","2,000+",***
1400000US24031705602,24031705602,"Census Tract 7056.02, Montgomery County, Maryland",1636,108
1400000US24031705701,24031705701,"Census Tract 7057.01, Montgomery County, Maryland",1843,110
1400000US24031705702,24031705702,"Census Tract 7057.02, Montgomery County, Maryland","2,000+",***
1400000US24031705800,24031705800,"Census Tract 7058, Montgomery County, Maryland","2,000+",***
1400000US24031705901,24031705901,"Census Tract 7059.01, Montgomery County, Maryland","2,000+",***
1400000US24031705902,24031705902,"Census Tract 7059.02, Montgomery County, Maryland","2,000+",***
1400000US24031705903,24031705903,"Census Tract 7059.03, Montgomery County, Maryland","2,000+",***
1400000US24031706005,24031706005,"Census Tract 7060.05, Montgomery County, Maryland",1203,223
1400000US24031706007,24031706007,"Census Tract 7060.07, Montgomery County, Maryland","2,000+",***
1400000US24031706008,24031706008,"Census Tract 7060.08, Montgomery County, Maryland","2,000+",***
1400000US24031706009,24031706009,"Census Tract 7060.09, Montgomery County, Maryland","2,000+",***
1400000US24031706010,24031706010,"Census Tract 7060.10, Montgomery County, Maryland","2,000+",***
1400000US24031706011,24031706011,"Census Tract 7060.11, Montgomery County, Maryland","2,000+",***
1400000US24031706012,24031706012,"Census Tract 7060.12, Montgomery County, Maryland",1244,200
1400000US24031706013,24031706013,"Census Tract 7060.13, Montgomery County, Maryland","2,000+",***
1400000US24033800102,24033800102,"Census Tract 8001.02, Prince George's County, Maryland",1049,90
1400000US24033800103,24033800103,"Census Tract 8001.03, Prince George's County, Maryland",1131,62
1400000US24033800105,24033800105,"Census Tract 8001.05, Prince George's County, Maryland",1232,373
1400000US24033800106,24033800106,"Census Tract 8001.06, Prince George's County, Maryland",1741,172
1400000US24033800108,24033800108,"Census Tract 8001.08, Prince George's County, Maryland",1400,217
1400000US24033800109,24033800109,"Census Tract 8001.09, Prince George's County, Maryland",1189,62
1400000US24033800203,24033800203,"Census Tract 8002.03, Prince George's County, Maryland",1071,404
1400000US24033800206,24033800206,"Census Tract 8002.06, Prince George's County, Maryland",1260,74
1400000US24033800208,24033800208,"Census Tract 8002.08, Prince George's County, Maryland",1411,103
1400000US24033800209,24033800209,"Census Tract 8002.09, Prince George's County, Maryland",1229,52
1400000US24033800210,24033800210,"Census Tract 8002.10, Prince George's County, Maryland",1327,50
1400000US24033800211,24033800211,"Census Tract 8002.11, Prince George's County, Maryland",1281,65
1400000US24033800212,24033800212,"Census Tract 8002.12, Prince George's County, Maryland",1620,311
1400000US24033800213,24033800213,"Census Tract 8002.13, Prince George's County, Maryland",1594,137
1400000US24033800214,24033800214,"Census Tract 8002.14, Prince George's County, Maryland",1165,42
1400000US24033800215,24033800215,"Census Tract 8002.15, Prince George's County, Maryland",1155,40
1400000US24033800401,24033800401,"Census Tract 8004.01, Prince George's County, Maryland","2,000+",***
1400000US24033800402,24033800402,"Census Tract 8004.02, Prince George's County, Maryland","2,000+",***
1400000US24033800403,24033800403,"Census Tract 8004.03, Prince George's County, Maryland",-,**
1400000US24033800408,24033800408,"Census Tract 8004.08, Prince George's County, Maryland","2,000+",***
1400000US24033800409,24033800409,"Census Tract 8004.09, Prince George's County, Maryland","2,000+",***
1400000US24033800410,24033800410,"Census Tract 8004.10, Prince George's County, Maryland",1661,288
1400000US24033800411,24033800411,"Census Tract 8004.11, Prince George's County, Maryland",1665,103
1400000US24033800412,24033800412,"Census Tract 8004.12, Prince George's County, Maryland",1171,82
1400000US24033800413,24033800413,"Census Tract 8004.13, Prince George's County, Maryland",1306,94
1400000US24033800504,24033800504,"Census Tract 8005.04, Prince George's County, Maryland","2,000+",***
1400000US24033800505,24033800505,"Census Tract 8005.05, Prince George's County, Maryland","2,000+",***
1400000US24033800507,24033800507,"Census Tract 8005.07, Prince George's County, Maryland",1578,186
1400000US24033800509,24033800509,"Census Tract 8005.09, Prince George's County, Maryland","2,000+",***
1400000US24033800511,24033800511,"Census Tract 8005.11, Prince George's County, Maryland",2000,329
1400000US24033800513,24033800513,"Census Tract 8005.13, Prince George's County, Maryland","2,000+",***
1400000US24033800514,24033800514,"Census Tract 8005.14, Prince George's County, Maryland","2,000+",***
1400000US24033800515,24033800515,"Census Tract 8005.15, Prince George's County, Maryland",1577,203
1400000US24033800516,24033800516,"Census Tract 8005.16, Prince George's County, Maryland",1646,110
1400000US24033800517,24033800517,"Census Tract 8005.17, Prince George's County, Maryland","2,000+",***
1400000US24033800518,24033800518,"Census Tract 8005.18, Prince George's County, Maryland","2,000+",***
1400000US24033800519,24033800519,"Census Tract 8005.19, Prince George's County, Maryland",1176,889
1400000US24033800520,24033800520,"Census Tract 8005.20, Prince George's County, Maryland",1615,241
1400000US24033800601,24033800601,"Census Tract 8006.01, Prince George's County, Maryland","2,000+",***
1400000US24033800604,24033800604,"Census Tract 8006.04, Prince George's County, Maryland",-,**
1400000US24033800605,24033800605,"Census Tract 8006.05, Prince George's County, Maryland",1770,276
1400000US24033800606,24033800606,"Census Tract 8006.06, Prince George's County, Maryland",1685,143
1400000US24033800607,24033800607,"Census Tract 8006.07, Prince George's County, Maryland",1593,784
1400000US24033800608,24033800608,"Census Tract 8006.08, Prince George's County, Maryland",1075,2178
1400000US24033800701,24033800701,"Census Tract 8007.01, Prince George's County, Maryland","2,000+",***
1400000US24033800704,24033800704,"Census Tract 8007.04, Prince George's County, Maryland",1618,229
1400000US24033800705,24033800705,"Census Tract 8007.05, Prince George's County, Maryland",1058,364
1400000US24033800706,24033800706,"Census Tract 8007.06, Prince George's County, Maryland","2,000+",***
1400000US24033800707,24033800707,"Census Tract 8007.07, Prince George's County, Maryland",1372,30
1400000US24033800800,24033800800,"Census Tract 8008, Prince George's County, Maryland",1038,262
1400000US24033800900,24033800900,"Census Tract 8009, Prince George's County, Maryland",1083,126
1400000US24033801003,24033801003,"Census Tract 8010.03, Prince George's County, Maryland",1800,368
1400000US24033801004,24033801004,"Census Tract 8010.04, Prince George's County, Maryland",1339,373
1400000US24033801005,24033801005,"Census Tract 8010.05, Prince George's County, Maryland","2,000+",***
1400000US24033801006,24033801006,"Census Tract 8010.06, Prince George's County, Maryland",1807,307
1400000US24033801104,24033801104,"Census Tract 8011.04, Prince George's County, Maryland",1910,100
1400000US24033801207,24033801207,"Census Tract 8012.07, Prince George's County, Maryland",1851,552
1400000US24033801208,24033801208,"Census Tract 8012.08, Prince George's County, Maryland",1172,558
1400000US24033801209,24033801209,"Census Tract 8012.09, Prince George's County, Maryland","2,000+",***
1400000US24033801210,24033801210,"Census Tract 8012.10, Prince George's County, Maryland",1995,338
1400000US24033801211,24033801211,"Census Tract 8012.11, Prince George's County, Maryland",1864,185
1400000US24033801212,24033801212,"Census Tract 8012.12, Prince George's County, Maryland",1430,68
1400000US24033801213,24033801213,"Census Tract 8012.13, Prince George's County, Maryland",-,**
1400000US24033801214,24033801214,"Census Tract 8012.14, Prince George's County, Maryland",636,359
1400000US24033801215,24033801215,"Census Tract 8012.15, Prince George's County, Maryland","2,000+",***
1400000US24033801216,24033801216,"Census Tract 8012.16, Prince George's County, Maryland",1137,365
1400000US24033801217,24033801217,"Census Tract 8012.17, Prince George's County, Maryland","2,000+",***
1400000US24033801302,24033801302,"Census Tract 8013.02, Prince George's County, Maryland",1069,367
1400000US24033801305,24033801305,"Census Tract 8013.05, Prince George's County, Maryland",1854,178
1400000US24033801307,24033801307,"Census Tract 8013.07, Prince George's County, Maryland",1719,1629
1400000US24033801308,24033801308,"Census Tract 8013.08, Prince George's County, Maryland","2,000+",***
1400000US24033801309,24033801309,"Census Tract 8013.09, Prince George's County, Maryland","2,000+",***
1400000US24033801310,24033801310,"Census Tract 8013.10, Prince George's County, Maryland",1709,871
1400000US24033801311,24033801311,"Census Tract 8013.11, Prince George's County, Maryland","2,000+",***
1400000US24033801312,24033801312,"Census Tract 8013.12, Prince George's County, Maryland","2,000+",***
1400000US24033801313,24033801313,"Census Tract 8013.13, Prince George's County, Maryland",1055,243
1400000US24033801404,24033801404,"Census Tract 8014.04, Prince George's County, Maryland",1104,112
1400000US24033801405,24033801405,"Census Tract 8014.05, Prince George's County, Maryland",1218,85
1400000US24033801406,24033801406,"Census Tract 8014.06, Prince George's County, Maryland",1382,105
1400000US24033801407,24033801407,"Census Tract 8014.07, Prince George's County, Maryland",1253,248
1400000US24033801408,24033801408,"Census Tract 8014.08, Prince George's County, Maryland",1251,61
1400000US24033801409,24033801409,"Census Tract 8014.09, Prince George's County, Maryland",1253,267
1400000US24033801410,24033801410,"Census Tract 8014.10, Prince George's County, Maryland",-,**
1400000US24033801411,24033801411,"Census Tract 8014.11, Prince George's County, Maryland","2,000+",***
1400000US24033801500,24033801500,"Census Tract 8015, Prince George's County, Maryland",1528,1109
1400000US24033801600,24033801600,"Census Tract 8016, Prince George's County, Maryland",1203,72
1400000US24033801701,24033801701,"Census Tract 8017.01, Prince George's County, Maryland",1366,52
1400000US24033801702,24033801702,"Census Tract 8017.02, Prince George's County, Maryland",1164,45
1400000US24033801704,24033801704,"Census Tract 8017.04, Prince George's County, Maryland",1063,66
1400000US24033801706,24033801706,"Census Tract 8017.06, Prince George's County, Maryland",1213,69
1400000US24033801707,24033801707,"Census Tract 8017.07, Prince George's County, Maryland",1098,48
1400000US24033801708,24033801708,"Census Tract 8017.08, Prince George's County, Maryland",1217,69
1400000US24033801801,24033801801,"Census Tract 8018.01, Prince George's County, Maryland",1104,50
1400000US24033801802,24033801802,"Census Tract 8018.02, Prince George's County, Maryland",1179,57
1400000US24033801804,24033801804,"Census Tract 8018.04, Prince George's County, Maryland",1792,482
1400000US24033801805,24033801805,"Census Tract 8018.05, Prince George's County, Maryland",1010,82
1400000US24033801807,24033801807,"Census Tract 8018.07, Prince George's County, Maryland",1032,79
1400000US24033801808,24033801808,"Census Tract 8018.08, Prince George's County, Maryland",1094,39
1400000US24033801901,24033801901,"Census Tract 8019.01, Prince George's County, Maryland",1848,294
1400000US24033801904,24033801904,"Census Tract 8019.04, Prince George's County, Maryland",1144,38
1400000US24033801905,24033801905,"Census Tract 8019.05, Prince George's County, Maryland",1902,117
1400000US24033801906,24033801906,"Census Tract 8019.06, Prince George's County, Maryland",1276,128
1400000US24033801907,24033801907,"Census Tract 8019.07, Prince George's County, Maryland",917,78
1400000US24033801908,24033801908,"Census Tract 8019.08, Prince George's County, Maryland",1183,38
1400000US24033802001,24033802001,"Census Tract 8020.01, Prince George's County, Maryland",1089,42
1400000US24033802002,24033802002,"Census Tract 8020.02, Prince George's County, Maryland",1325,139
1400000US24033802103,24033802103,"Census Tract 8021.03, Prince George's County, Maryland",1462,368
1400000US24033802104,24033802104,"Census Tract 8021.04, Prince George's County, Maryland",1125,90
1400000US24033802106,24033802106,"Census Tract 8021.06, Prince George's County, Maryland",1134,46
1400000US24033802107,24033802107,"Census Tract 8021.07, Prince George's County, Maryland",1119,76
1400000US24033802201,24033802201,"Census Tract 8022.01, Prince George's County, Maryland",1338,214
1400000US24033802203,24033802203,"Census Tract 8022.03, Prince George's County, Maryland",1258,111
1400000US24033802204,24033802204,"Census Tract 8022.04, Prince George's County, Maryland","2,000+",***
1400000US24033802301,24033802301,"Census Tract 8023.01, Prince George's County, Maryland","2,000+",***
1400000US24033802404,24033802404,"Census Tract 8024.04, Prince George's County, Maryland",1078,42
1400000US24033802405,24033802405,"Census Tract 8024.05, Prince George's County, Maryland",1130,48
1400000US24033802406,24033802406,"Census Tract 8024.06, Prince George's County, Maryland",1117,79
1400000US24033802407,24033802407,"Census Tract 8024.07, Prince George's County, Maryland",1191,47
1400000US24033802408,24033802408,"Census Tract 8024.08, Prince George's County, Maryland",945,61
1400000US24033802501,24033802501,"Census Tract 8025.01, Prince George's County, Maryland",1197,52
1400000US24033802502,24033802502,"Census Tract 8025.02, Prince George's County, Maryland",1750,1325
1400000US24033802600,24033802600,"Census Tract 8026, Prince George's County, Maryland",1086,106
1400000US24033802700,24033802700,"Census Tract 8027, Prince George's County, Maryland",924,321
1400000US24033802803,24033802803,"Census Tract 8028.03, Prince George's County, Maryland",1122,100
1400000US24033802804,24033802804,"Census Tract 8028.04, Prince George's County, Maryland",1176,80
1400000US24033802805,24033802805,"Census Tract 8028.05, Prince George's County, Maryland",1135,490
1400000US24033802901,24033802901,"Census Tract 8029.01, Prince George's County, Maryland",526,256
1400000US24033803001,24033803001,"Census Tract 8030.01, Prince George's County, Maryland",1094,108
1400000US24033803002,24033803002,"Census Tract 8030.02, Prince George's County, Maryland",1266,212
1400000US24033803100,24033803100,"Census Tract 8031, Prince George's County, Maryland",1022,94
1400000US24033803200,24033803200,"Census Tract 8032, Prince George's County, Maryland",1168,31
1400000US24033803300,24033803300,"Census Tract 8033, Prince George's County, Maryland",1351,330
1400000US24033803401,24033803401,"Census Tract 8034.01, Prince George's County, Maryland",1338,389
1400000US24033803402,24033803402,"Census Tract 8034.02, Prince George's County, Maryland",1119,110
1400000US24033803508,24033803508,"Census Tract 8035.08, Prince George's County, Maryland",999,79
1400000US24033803509,24033803509,"Census Tract 8035.09, Prince George's County, Maryland",1195,53
1400000US24033803512,24033803512,"Census Tract 8035.12, Prince George's County, Maryland",1461,82
1400000US24033803513,24033803513,"Census Tract 8035.13, Prince George's County, Maryland",1514,211
1400000US24033803514,24033803514,"Census Tract 8035.14, Prince George's County, Maryland",1786,90
1400000US24033803516,24033803516,"Census Tract 8035.16, Prince George's County, Maryland",1833,424
1400000US24033803519,24033803519,"Census Tract 8035.19, Prince George's County, Maryland",1701,114
1400000US24033803520,24033803520,"Census Tract 8035.20, Prince George's County, Maryland","2,000+",***
1400000US24033803521,24033803521,"Census Tract 8035.21, Prince George's County, Maryland","2,000+",***
1400000US24033803522,24033803522,"Census Tract 8035.22, Prince George's County, Maryland",1497,246
1400000US24033803523,24033803523,"Census Tract 8035.23, Prince George's County, Maryland","2,000+",***
1400000US24033803524,24033803524,"Census Tract 8035.24, Prince George's County, Maryland",1667,389
1400000US24033803525,24033803525,"Census Tract 8035.25, Prince George's County, Maryland",1188,63
1400000US24033803526,24033803526,"Census Tract 8035.26, Prince George's County, Maryland",1227,948
1400000US24033803527,24033803527,"Census Tract 8035.27, Prince George's County, Maryland",1777,233
1400000US24033803601,24033803601,"Census Tract 8036.01, Prince George's County, Maryland",1736,352
1400000US24033803602,24033803602,"Census Tract 8036.02, Prince George's County, Maryland",1061,163
1400000US24033803605,24033803605,"Census Tract 8036.05, Prince George's County, Maryland",1699,471
1400000US24033803606,24033803606,"Census Tract 8036.06, Prince George's County, Maryland","2,000+",***
1400000US24033803607,24033803607,"Census Tract 8036.07, Prince George's County, Maryland","2,000+",***
1400000US24033803608,24033803608,"Census Tract 8036.08, Prince George's County, Maryland",1012,166
1400000US24033803610,24033803610,"Census Tract 8036.10, Prince George's County, Maryland",1233,133
1400000US24033803612,24033803612,"Census Tract 8036.12, Prince George's County, Maryland",1323,31
1400000US24033803613,24033803613,"Census Tract 8036.13, Prince George's County, Maryland",1154,28
1400000US24033803700,24033803700,"Census Tract 8037, Prince George's County, Maryland",1400,394
1400000US24033803801,24033803801,"Census Tract 8038.01, Prince George's County, Maryland",1713,187
1400000US24033803803,24033803803,"Census Tract 8038.03, Prince George's County, Maryland",1098,57
1400000US24033803900,24033803900,"Census Tract 8039, Prince George's County, Maryland",1155,60
1400000US24033804001,24033804001,"Census Tract 8040.01, Prince George's County, Maryland",1087,46
1400000US24033804002,24033804002,"Census Tract 8040.02, Prince George's County, Maryland",1120,122
1400000US24033804101,24033804101,"Census Tract 8041.01, Prince George's County, Maryland",1057,52
1400000US24033804102,24033804102,"Census Tract 8041.02, Prince George's County, Maryland",1210,55
1400000US24033804200,24033804200,"Census Tract 8042, Prince George's County, Maryland",2000,466
1400000US24033804300,24033804300,"Census Tract 8043, Prince George's County, Maryland",1095,59
1400000US24033804400,24033804400,"Census Tract 8044, Prince George's County, Maryland",791,137
1400000US24033804600,24033804600,"Census Tract 8046, Prince George's County, Maryland",985,183
1400000US24033804700,24033804700,"Census Tract 8047, Prince George's County, Maryland",1051,127
1400000US24033804801,24033804801,"Census Tract 8048.01, Prince George's County, Maryland",940,28
1400000US24033804802,24033804802,"Census Tract 8048.02, Prince George's County, Maryland",1048,46
1400000US24033804900,24033804900,"Census Tract 8049, Prince George's County, Maryland",1198,48
1400000US24033805000,24033805000,"Census Tract 8050, Prince George's County, Maryland",1326,90
1400000US24033805101,24033805101,"Census Tract 8051.01, Prince George's County, Maryland",1050,44
1400000US24033805201,24033805201,"Census Tract 8052.01, Prince George's County, Maryland",1090,31
1400000US24033805202,24033805202,"Census Tract 8052.02, Prince George's County, Maryland",1161,49
1400000US24033805500,24033805500,"Census Tract 8055, Prince George's County, Maryland",1074,103
1400000US24033805601,24033805601,"Census Tract 8056.01, Prince George's County, Maryland",1111,31
1400000US24033805602,24033805602,"Census Tract 8056.02, Prince George's County, Maryland",1203,50
1400000US24033805700,24033805700,"Census Tract 8057, Prince George's County, Maryland",1199,52
1400000US24033805801,24033805801,"Census Tract 8058.01, Prince George's County, Maryland",1260,218
1400000US24033805802,24033805802,"Census Tract 8058.02, Prince George's County, Maryland",1714,529
1400000US24033805904,24033805904,"Census Tract 8059.04, Prince George's County, Maryland",1882,741
1400000US24033805906,24033805906,"Census Tract 8059.06, Prince George's County, Maryland",1210,61
1400000US24033805907,24033805907,"Census Tract 8059.07, Prince George's County, Maryland",1354,85
1400000US24033805908,24033805908,"Census Tract 8059.08, Prince George's County, Maryland",1198,53
1400000US24033805909,24033805909,"Census Tract 8059.09, Prince George's County, Maryland",1324,37
1400000US24033806000,24033806000,"Census Tract 8060, Prince George's County, Maryland",1177,48
1400000US24033806100,24033806100,"Census Tract 8061, Prince George's County, Maryland",976,91
1400000US24033806200,24033806200,"Census Tract 8062, Prince George's County, Maryland",943,101
1400000US24033806300,24033806300,"Census Tract 8063, Prince George's County, Maryland",1113,83
1400000US24033806400,24033806400,"Census Tract 8064, Prince George's County, Maryland",1586,322
1400000US24033806501,24033806501,"Census Tract 8065.01, Prince George's County, Maryland",999,60
1400000US24033806601,24033806601,"Census Tract 8066.01, Prince George's County, Maryland",1064,44
1400000US24033806602,24033806602,"Census Tract 8066.02, Prince George's County, Maryland",1160,43
1400000US24033806706,24033806706,"Census Tract 8067.06, Prince George's County, Maryland",1373,195
1400000US24033806708,24033806708,"Census Tract 8067.08, Prince George's County, Maryland",998,91
1400000US24033806710,24033806710,"Census Tract 8067.10, Prince George's County, Maryland",1506,144
1400000US24033806711,24033806711,"Census Tract 8067.11, Prince George's County, Maryland",1407,49
1400000US24033806712,24033806712,"Census Tract 8067.12, Prince George's County, Maryland",1635,82
1400000US24033806713,24033806713,"Census Tract 8067.13, Prince George's County, Maryland",1259,76
1400000US24033806714,24033806714,"Census Tract 8067.14, Prince George's County, Maryland",1166,43
1400000US24033806800,24033806800,"Census Tract 8068, Prince George's County, Maryland","2,000+",***
1400000US24033806900,24033806900,"Census Tract 8069, Prince George's County, Maryland",1828,117
1400000US24033807000,24033807000,"Census Tract 8070, Prince George's County, Maryland",1066,190
1400000US24033807102,24033807102,"Census Tract 8071.02, Prince George's County, Maryland",1055,285
1400000US24033807200,24033807200,"Census Tract 8072, Prince George's County, Maryland",1182,100
1400000US24033807301,24033807301,"Census Tract 8073.01, Prince George's County, Maryland",1247,77
1400000US24033807304,24033807304,"Census Tract 8073.04, Prince George's County, Maryland","2,000+",***
1400000US24033807305,24033807305,"Census Tract 8073.05, Prince George's County, Maryland",1673,83
1400000US24033807404,24033807404,"Census Tract 8074.04, Prince George's County, Maryland",1754,97
1400000US24033807405,24033807405,"Census Tract 8074.05, Prince George's County, Maryland",1627,176
1400000US24033807407,24033807407,"Census Tract 8074.07, Prince George's County, Maryland",1131,55
1400000US24033807408,24033807408,"Census Tract 8074.08, Prince George's County, Maryland",1330,78
1400000US24033807409,24033807409,"Census Tract 8074.09, Prince George's County, Maryland",1344,44
1400000US24033807410,24033807410,"Census Tract 8074.10, Prince George's County, Maryland",1334,90
1400000US51013100100,51013100100,"Census Tract 1001, Arlington County, Virginia","2,000+",***
1400000US51013100200,51013100200,"Census Tract 1002, Arlington County, Virginia","2,000+",***
1400000US51013100300,51013100300,"Census Tract 1003, Arlington County, Virginia","2,000+",***
1400000US51013100400,51013100400,"Census Tract 1004, Arlington County, Virginia","2,000+",***
1400000US51013100500,51013100500,"Census Tract 1005, Arlington County, Virginia",1870,387
1400000US51013100600,51013100600,"Census Tract 1006, Arlington County, Virginia",1485,149
1400000US51013100700,51013100700,"Census Tract 1007, Arlington County, Virginia",1428,116
1400000US51013100800,51013100800,"Census Tract 1008, Arlington County, Virginia",1764,180
1400000US51013100900,51013100900,"Census Tract 1009, Arlington County, Virginia",1085,84
1400000US51013101000,51013101000,"Census Tract 1010, Arlington County, Virginia",1339,181
1400000US51013101100,51013101100,"Census Tract 1011, Arlington County, Virginia","2,000+",***
1400000US51013101200,51013101200,"Census Tract 1012, Arlington County, Virginia",1482,999
1400000US51013101300,51013101300,"Census Tract 1013, Arlington County, Virginia",1855,222
1400000US51013101401,51013101401,"Census Tract 1014.01, Arlington County, Virginia",1866,145
1400000US51013101402,51013101402,"Census Tract 1014.02, Arlington County, Virginia",1802,198
1400000US51013101403,51013101403,"Census Tract 1014.03, Arlington County, Virginia",1985,107
1400000US51013101404,51013101404,"Census Tract 1014.04, Arlington County, Virginia","2,000+",***
1400000US51013101500,51013101500,"Census Tract 1015, Arlington County, Virginia",1691,88
1400000US51013101601,51013101601,"Census Tract 1016.01, Arlington County, Virginia",1941,193
1400000US51013101602,51013101602,"Census Tract 1016.02, Arlington County, Virginia",1444,141
1400000US51013101603,51013101603,"Census Tract 1016.03, Arlington County, Virginia","2,000+",***
1400000US51013101701,51013101701,"Census Tract 1017.01, Arlington County, Virginia",1819,106
1400000US51013101702,51013101702,"Census Tract 1017.02, Arlington County, Virginia",1409,69
1400000US51013101703,51013101703,"Census Tract 1017.03, Arlington County, Virginia",1583,205
1400000US51013101801,51013101801,"Census Tract 1018.01, Arlington County, Virginia","2,000+",***
1400000US51013101802,51013101802,"Census Tract 1018.02, Arlington County, Virginia",1919,89
1400000US51013101803,51013101803,"Census Tract 1018.03, Arlington County, Virginia",1408,63
1400000US51013101900,51013101900,"Census Tract 1019, Arlington County, Virginia",1880,845
1400000US51013102001,51013102001,"Census Tract 1020.01, Arlington County, Virginia",1223,173
1400000US51013102002,51013102002,"Census Tract 1020.02, Arlington County, Virginia",1470,160
1400000US51013102003,51013102003,"Census Tract 1020.03, Arlington County, Virginia",1237,143
1400000US51013102100,51013102100,"Census Tract 1021, Arlington County, Virginia",229,41
1400000US51013102200,51013102200,"Census Tract 1022, Arlington County, Virginia",1216,79
1400000US51013102301,51013102301,"Census Tract 1023.01, Arlington County, Virginia","2,000+",***
1400000US51013102302,51013102302,"Census Tract 1023.02, Arlington County, Virginia",1620,138
1400000US51013102400,51013102400,"Census Tract 1024, Arlington County, Virginia",1323,104
1400000US51013102500,51013102500,"Census Tract 1025, Arlington County, Virginia",1521,122
1400000US51013102600,51013102600,"Census Tract 1026, Arlington County, Virginia",1383,115
1400000US51013102701,51013102701,"Census Tract 1027.01, Arlington County, Virginia",1038,66
1400000US51013102702,51013102702,"Census Tract 1027.02, Arlington County, Virginia",1443,366
1400000US51013102801,51013102801,"Census Tract 1028.01, Arlington County, Virginia",1518,120
1400000US51013102802,51013102802,"Census Tract 1028.02, Arlington County, Virginia","2,000+",***
1400000US51013102901,51013102901,"Census Tract 1029.01, Arlington County, Virginia",1788,259
1400000US51013102902,51013102902,"Census Tract 1029.02, Arlington County, Virginia",1689,157
1400000US51013103000,51013103000,"Census Tract 1030, Arlington County, Virginia",1864,141
1400000US51013103100,51013103100,"Census Tract 1031, Arlington County, Virginia",1416,100
1400000US51013103200,51013103200,"Census Tract 1032, Arlington County, Virginia",1439,77
1400000US51013103300,51013103300,"Census Tract 1033, Arlington County, Virginia",1458,71
1400000US51013103401,51013103401,"Census Tract 1034.01, Arlington County, Virginia",1297,1240
1400000US51013103402,51013103402,"Census Tract 1034.02, Arlington County, Virginia","2,000+",***
1400000US51013103501,51013103501,"Census Tract 1035.01, Arlington County, Virginia",1698,41
1400000US51013103502,51013103502,"Census Tract 1035.02, Arlington County, Virginia","2,000+",***
1400000US51013103503,51013103503,"Census Tract 1035.03, Arlington County, Virginia",1843,80
1400000US51013103601,51013103601,"Census Tract 1036.01, Arlington County, Virginia",1414,237
1400000US51013103602,51013103602,"Census Tract 1036.02, Arlington County, Virginia",1800,97
1400000US51013103700,51013103700,"Census Tract 1037, Arlington County, Virginia","2,000+",***
1400000US51013103800,51013103800,"Census Tract 1038, Arlington County, Virginia",1675,74
1400000US51013980100,51013980100,"Census Tract 9801, Arlington County, Virginia",-,**
1400000US51013980200,51013980200,"Census Tract 9802, Arlington County, Virginia",-,**
1400000US51059415100,51059415100,"Census Tract 4151, Fairfax County, Virginia","2,000+",***
1400000US51059415200,51059415200,"Census Tract 4152, Fairfax County, Virginia",1431,91
1400000US51059415300,51059415300,"Census Tract 4153, Fairfax County, Virginia","2,000+",***
1400000US51059415401,51059415401,"Census Tract 4154.01, Fairfax County, Virginia",1368,73
1400000US51059415402,51059415402,"Census Tract 4154.02, Fairfax County, Virginia",971,636
1400000US51059415500,51059415500,"Census Tract 4155, Fairfax County, Virginia",609,461
1400000US51059415600,51059415600,"Census Tract 4156, Fairfax County, Virginia","2,000+",***
1400000US51059415700,51059415700,"Census Tract 4157, Fairfax County, Virginia","2,000+",***
1400000US51059415800,51059415800,"Census Tract 4158, Fairfax County, Virginia","2,000+",***
1400000US51059415900,51059415900,"Census Tract 4159, Fairfax County, Virginia","2,000+",***
1400000US51059416000,51059416000,"Census Tract 4160, Fairfax County, Virginia",1310,79
1400000US51059416100,51059416100,"Census Tract 4161, Fairfax County, Virginia","2,000+",***
1400000US51059416200,51059416200,"Census Tract 4162, Fairfax County, Virginia","2,000+",***
1400000US51059416300,51059416300,"Census Tract 4163, Fairfax County, Virginia","2,000+",***
1400000US51059420100,51059420100,"Census Tract 4201, Fairfax County, Virginia",1791,202
1400000US51059420201,51059420201,"Census Tract 4202.01, Fairfax County, Virginia","2,000+",***
1400000US51059420202,51059420202,"Census Tract 4202.02, Fairfax County, Virginia",1840,115
1400000US51059420203,51059420203,"Census Tract 4202.03, Fairfax County, Virginia",1917,320
1400000US51059420300,51059420300,"Census Tract 4203, Fairfax County, Virginia","2,000+",***
1400000US51059420400,51059420400,"Census Tract 4204, Fairfax County, Virginia",1406,35
1400000US51059420501,51059420501,"Census Tract 4205.01, Fairfax County, Virginia",1620,185
1400000US51059420502,51059420502,"Census Tract 4205.02, Fairfax County, Virginia",1604,209
1400000US51059420503,51059420503,"Census Tract 4205.03, Fairfax County, Virginia",1392,112
1400000US51059420600,51059420600,"Census Tract 4206, Fairfax County, Virginia",1332,84
1400000US51059420700,51059420700,"Census Tract 4207, Fairfax County, Virginia","2,000+",***
1400000US51059420800,51059420800,"Census Tract 4208, Fairfax County, Virginia",1815,174
1400000US51059421001,51059421001,"Census Tract 4210.01, Fairfax County, Virginia","2,000+",***
1400000US51059421002,51059421002,"Census Tract 4210.02, Fairfax County, Virginia",1713,46
1400000US51059421101,51059421101,"Census Tract 4211.01, Fairfax County, Virginia","2,000+",***
1400000US51059421102,51059421102,"Census Tract 4211.02, Fairfax County, Virginia",1535,188
1400000US51059421103,51059421103,"Census Tract 4211.03, Fairfax County, Virginia",1848,161
1400000US51059421200,51059421200,"Census Tract 4212, Fairfax County, Virginia","2,000+",***
1400000US51059421300,51059421300,"Census Tract 4213, Fairfax County, Virginia","2,000+",***
1400000US51059421400,51059421400,"Census Tract 4214, Fairfax County, Virginia",1229,72
1400000US51059421500,51059421500,"Census Tract 4215, Fairfax County, Virginia",1087,149
1400000US51059421600,51059421600,"Census Tract 4216, Fairfax County, Virginia",1326,56
1400000US51059421701,51059421701,"Census Tract 4217.01, Fairfax County, Virginia",1281,182
1400000US51059421702,51059421702,"Census Tract 4217.02, Fairfax County, Virginia","2,000+",***
1400000US51059421800,51059421800,"Census Tract 4218, Fairfax County, Virginia",1361,62
1400000US51059421900,51059421900,"Census Tract 4219, Fairfax County, Virginia","2,000+",***
1400000US51059422000,51059422000,"Census Tract 4220, Fairfax County, Virginia",1979,201
1400000US51059422101,51059422101,"Census Tract 4221.01, Fairfax County, Virginia",1416,46
1400000US51059422102,51059422102,"Census Tract 4221.02, Fairfax County, Virginia",1414,69
1400000US51059422201,51059422201,"Census Tract 4222.01, Fairfax County, Virginia","2,000+",***
1400000US51059422202,51059422202,"Census Tract 4222.02, Fairfax County, Virginia","2,000+",***
1400000US51059422301,51059422301,"Census Tract 4223.01, Fairfax County, Virginia",1635,193
1400000US51059422302,51059422302,"Census Tract 4223.02, Fairfax County, Virginia",1661,104
1400000US51059422401,51059422401,"Census Tract 4224.01, Fairfax County, Virginia",1799,154
1400000US51059422402,51059422402,"Census Tract 4224.02, Fairfax County, Virginia",1897,137
1400000US51059422403,51059422403,"Census Tract 4224.03, Fairfax County, Virginia","2,000+",***
1400000US51059430101,51059430101,"Census Tract 4301.01, Fairfax County, Virginia","2,000+",***
1400000US51059430102,51059430102,"Census Tract 4301.02, Fairfax County, Virginia",1994,411
1400000US51059430201,51059430201,"Census Tract 4302.01, Fairfax County, Virginia",1797,160
1400000US51059430202,51059430202,"Census Tract 4302.02, Fairfax County, Virginia","2,000+",***
1400000US51059430203,51059430203,"Census Tract 4302.03, Fairfax County, Virginia","2,000+",***
1400000US51059430400,51059430400,"Census Tract 4304, Fairfax County, Virginia","2,000+",***
1400000US51059430500,51059430500,"Census Tract 4305, Fairfax County, Virginia","2,000+",***
1400000US51059430600,51059430600,"Census Tract 4306, Fairfax County, Virginia",1559,216
1400000US51059430700,51059430700,"Census Tract 4307, Fairfax County, Virginia",1413,633
1400000US51059430801,51059430801,"Census Tract 4308.01, Fairfax County, Virginia",1952,496
1400000US51059430802,51059430802,"Census Tract 4308.02, Fairfax County, Virginia",1387,63
1400000US51059430901,51059430901,"Census Tract 4309.01, Fairfax County, Virginia",1752,38
1400000US51059430902,51059430902,"Census Tract 4309.02, Fairfax County, Virginia",1849,140
1400000US51059431001,51059431001,"Census Tract 4310.01, Fairfax County, Virginia",1832,105
1400000US51059431002,51059431002,"Census Tract 4310.02, Fairfax County, Virginia","2,000+",***
1400000US51059431300,51059431300,"Census Tract 4313, Fairfax County, Virginia","2,000+",***
1400000US51059431400,51059431400,"Census Tract 4314, Fairfax County, Virginia","2,000+",***
1400000US51059431500,51059431500,"Census Tract 4315, Fairfax County, Virginia","2,000+",***
1400000US51059431600,51059431600,"Census Tract 4316, Fairfax County, Virginia",1990,175
1400000US51059431801,51059431801,"Census Tract 4318.01, Fairfax County, Virginia",1940,246
1400000US51059431802,51059431802,"Census Tract 4318.02, Fairfax County, Virginia","2,000+",***
1400000US51059431900,51059431900,"Census Tract 4319, Fairfax County, Virginia","2,000+",***
1400000US51059432000,51059432000,"Census Tract 4320, Fairfax County, Virginia",1335,430
1400000US51059432100,51059432100,"Census Tract 4321, Fairfax County, Virginia",1703,299
1400000US51059432201,51059432201,"Census Tract 4322.01, Fairfax County, Virginia",1646,142
1400000US51059432202,51059432202,"Census Tract 4322.02, Fairfax County, Virginia","2,000+",***
1400000US51059432300,51059432300,"Census Tract 4323, Fairfax County, Virginia",1986,319
1400000US51059432401,51059432401,"Census Tract 4324.01, Fairfax County, Virginia","2,000+",***
1400000US51059432402,51059432402,"Census Tract 4324.02, Fairfax County, Virginia","2,000+",***
1400000US51059432500,51059432500,"Census Tract 4325, Fairfax County, Virginia","2,000+",***
1400000US51059432600,51059432600,"Census Tract 4326, Fairfax County, Virginia","2,000+",***
1400000US51059432701,51059432701,"Census Tract 4327.01, Fairfax County, Virginia","2,000+",***
1400000US51059432702,51059432702,"Census Tract 4327.02, Fairfax County, Virginia",1737,88
1400000US51059432800,51059432800,"Census Tract 4328, Fairfax County, Virginia",1683,640
1400000US51059440100,51059440100,"Census Tract 4401, Fairfax County, Virginia",1737,258
1400000US51059440201,51059440201,"Census Tract 4402.01, Fairfax County, Virginia",1534,147
1400000US51059440202,51059440202,"Census Tract 4402.02, Fairfax County, Virginia",1723,96
1400000US51059440300,51059440300,"Census Tract 4403, Fairfax County, Virginia",1682,589
1400000US51059440501,51059440501,"Census Tract 4405.01, Fairfax County, Virginia","2,000+",***
1400000US51059440502,51059440502,"Census Tract 4405.02, Fairfax County, Virginia","2,000+",***
1400000US51059440600,51059440600,"Census Tract 4406, Fairfax County, Virginia",979,1110
1400000US51059440701,51059440701,"Census Tract 4407.01, Fairfax County, Virginia","2,000+",***
1400000US51059440702,51059440702,"Census Tract 4407.02, Fairfax County, Virginia",1894,303
1400000US51059440800,51059440800,"Census Tract 4408, Fairfax County, Virginia",1531,958
1400000US51059450100,51059450100,"Census Tract 4501, Fairfax County, Virginia",1532,156
1400000US51059450200,51059450200,"Census Tract 4502, Fairfax County, Virginia",1659,84
1400000US51059450300,51059450300,"Census Tract 4503, Fairfax County, Virginia",1412,113
1400000US51059450400,51059450400,"Census Tract 4504, Fairfax County, Virginia","2,000+",***
1400000US51059450500,51059450500,"Census Tract 4505, Fairfax County, Virginia",1864,311
1400000US51059450601,51059450601,"Census Tract 4506.01, Fairfax County, Virginia","2,000+",***
1400000US51059450602,51059450602,"Census Tract 4506.02, Fairfax County, Virginia",1220,83
1400000US51059450701,51059450701,"Census Tract 4507.01, Fairfax County, Virginia","2,000+",***
1400000US51059450702,51059450702,"Census Tract 4507.02, Fairfax County, Virginia",1420,55
1400000US51059450800,51059450800,"Census Tract 4508, Fairfax County, Virginia",1605,571
1400000US51059450900,51059450900,"Census Tract 4509, Fairfax County, Virginia","2,000+",***
1400000US51059451000,51059451000,"Census Tract 4510, Fairfax County, Virginia","2,000+",***
1400000US51059451100,51059451100,"Census Tract 4511, Fairfax County, Virginia","2,000+",***
1400000US51059451200,51059451200,"Census Tract 4512, Fairfax County, Virginia","2,000+",***
1400000US51059451300,51059451300,"Census Tract 4513, Fairfax County, Virginia","2,000+",***
1400000US51059451400,51059451400,"Census Tract 4514, Fairfax County, Virginia",1130,65
1400000US51059451501,51059451501,"Census Tract 4515.01, Fairfax County, Virginia",1263,92
1400000US51059451502,51059451502,"Census Tract 4515.02, Fairfax County, Virginia",1639,220
1400000US51059451601,51059451601,"Census Tract 4516.01, Fairfax County, Virginia",1354,49
1400000US51059451602,51059451602,"Census Tract 4516.02, Fairfax County, Virginia",1343,68
1400000US51059451800,51059451800,"Census Tract 4518, Fairfax County, Virginia","2,000+",***
1400000US51059451900,51059451900,"Census Tract 4519, Fairfax County, Virginia",1710,91
1400000US51059452000,51059452000,"Census Tract 4520, Fairfax County, Virginia",193,88
1400000US51059452101,51059452101,"Census Tract 4521.01, Fairfax County, Virginia",1784,133
1400000US51059452102,51059452102,"Census Tract 4521.02, Fairfax County, Virginia",1688,279
1400000US51059452200,51059452200,"Census Tract 4522, Fairfax County, Virginia",1328,52
1400000US51059452301,51059452301,"Census Tract 4523.01, Fairfax County, Virginia",1219,183
1400000US51059452302,51059452302,"Census Tract 4523.02, Fairfax County, Virginia",1489,85
1400000US51059452400,51059452400,"Census Tract 4524, Fairfax County, Virginia",1422,163
1400000US51059452501,51059452501,"Census Tract 4525.01, Fairfax County, Virginia",1983,257
1400000US51059452502,51059452502,"Census Tract 4525.02, Fairfax County, Virginia",1497,114
1400000US51059452600,51059452600,"Census Tract 4526, Fairfax County, Virginia",1649,121
1400000US51059452700,51059452700,"Census Tract 4527, Fairfax County, Virginia",1294,67
1400000US51059452801,51059452801,"Census Tract 4528.01, Fairfax County, Virginia",1483,122
1400000US51059452802,51059452802,"Census Tract 4528.02, Fairfax County, Virginia",1509,177
1400000US51059460100,51059460100,"Census Tract 4601, Fairfax County, Virginia","2,000+",***
1400000US51059460200,51059460200,"Census Tract 4602, Fairfax County, Virginia","2,000+",***
1400000US51059460300,51059460300,"Census Tract 4603, Fairfax County, Virginia","2,000+",***
1400000US51059460400,51059460400,"Census Tract 4604, Fairfax County, Virginia",1542,878
1400000US51059460501,51059460501,"Census Tract 4605.01, Fairfax County, Virginia",1979,747
1400000US51059460502,51059460502,"Census Tract 4605.02, Fairfax County, Virginia","2,000+",***
1400000US51059460600,51059460600,"Census Tract 4606, Fairfax County, Virginia","2,000+",***
1400000US51059460701,51059460701,"Census Tract 4607.01, Fairfax County, Virginia",1685,167
1400000US51059460702,51059460702,"Census Tract 4607.02, Fairfax County, Virginia","2,000+",***
1400000US51059460800,51059460800,"Census Tract 4608, Fairfax County, Virginia",1736,124
1400000US51059460900,51059460900,"Census Tract 4609, Fairfax County, Virginia",1471,1330
1400000US51059461000,51059461000,"Census Tract 4610, Fairfax County, Virginia","2,000+",***
1400000US51059461100,51059461100,"Census Tract 4611, Fairfax County, Virginia",1676,179
1400000US51059461201,51059461201,"Census Tract 4612.01, Fairfax County, Virginia","2,000+",***
1400000US51059461202,51059461202,"Census Tract 4612.02, Fairfax County, Virginia",1877,222
1400000US51059461500,51059461500,"Census Tract 4615, Fairfax County, Virginia","2,000+",***
1400000US51059461601,51059461601,"Census Tract 4616.01, Fairfax County, Virginia",1980,117
1400000US51059461602,51059461602,"Census Tract 4616.02, Fairfax County, Virginia",1666,100
1400000US51059461700,51059461700,"Census Tract 4617, Fairfax County, Virginia",1683,189
1400000US51059461801,51059461801,"Census Tract 4618.01, Fairfax County, Virginia",1704,62
1400000US51059461802,51059461802,"Census Tract 4618.02, Fairfax County, Virginia",1800,86
1400000US51059461901,51059461901,"Census Tract 4619.01, Fairfax County, Virginia",1273,193
1400000US51059461902,51059461902,"Census Tract 4619.02, Fairfax County, Virginia",1542,127
1400000US51059470100,51059470100,"Census Tract 4701, Fairfax County, Virginia","2,000+",***
1400000US51059470300,51059470300,"Census Tract 4703, Fairfax County, Virginia","2,000+",***
1400000US51059470400,51059470400,"Census Tract 4704, Fairfax County, Virginia","2,000+",***
1400000US51059470500,51059470500,"Census Tract 4705, Fairfax County, Virginia","2,000+",***
1400000US51059470600,51059470600,"Census Tract 4706, Fairfax County, Virginia",491,271
1400000US51059470700,51059470700,"Census Tract 4707, Fairfax County, Virginia","2,000+",***
1400000US51059470800,51059470800,"Census Tract 4708, Fairfax County, Virginia","2,000+",***
1400000US51059470900,51059470900,"Census Tract 4709, Fairfax County, Virginia","2,000+",***
1400000US51059471000,51059471000,"Census Tract 4710, Fairfax County, Virginia","2,000+",***
1400000US51059471100,51059471100,"Census Tract 4711, Fairfax County, Virginia","2,000+",***
1400000US51059471201,51059471201,"Census Tract 4712.01, Fairfax County, Virginia",1426,59
1400000US51059471202,51059471202,"Census Tract 4712.02, Fairfax County, Virginia",1676,64
1400000US51059471301,51059471301,"Census Tract 4713.01, Fairfax County, Virginia",1481,61
1400000US51059471303,51059471303,"Census Tract 4713.03, Fairfax County, Virginia",1679,75
1400000US51059471304,51059471304,"Census Tract 4713.04, Fairfax County, Virginia","2,000+",***
1400000US51059471401,51059471401,"Census Tract 4714.01, Fairfax County, Virginia",1670,255
1400000US51059471402,51059471402,"Census Tract 4714.02, Fairfax County, Virginia",1649,171
1400000US51059480100,51059480100,"Census Tract 4801, Fairfax County, Virginia","2,000+",***
1400000US51059480201,51059480201,"Census Tract 4802.01, Fairfax County, Virginia","2,000+",***
1400000US51059480202,51059480202,"Census Tract 4802.02, Fairfax County, Virginia",1872,78
1400000US51059480203,51059480203,"Census Tract 4802.03, Fairfax County, Virginia","2,000+",***
1400000US51059480300,51059480300,"Census Tract 4803, Fairfax County, Virginia","2,000+",***
1400000US51059480401,51059480401,"Census Tract 4804.01, Fairfax County, Virginia","2,000+",***
1400000US51059480402,51059480402,"Census Tract 4804.02, Fairfax County, Virginia","2,000+",***
1400000US51059480501,51059480501,"Census Tract 4805.01, Fairfax County, Virginia",1962,440
1400000US51059480502,51059480502,"Census Tract 4805.02, Fairfax County, Virginia","2,000+",***
1400000US51059480503,51059480503,"Census Tract 4805.03, Fairfax County, Virginia",1905,343
1400000US51059480504,51059480504,"Census Tract 4805.04, Fairfax County, Virginia",1519,628
1400000US51059480505,51059480505,"Census Tract 4805.05, Fairfax County, Virginia",1768,95
1400000US51059480801,51059480801,"Census Tract 4808.01, Fairfax County, Virginia",1603,341
1400000US51059480802,51059480802,"Census Tract 4808.02, Fairfax County, Virginia",1687,72
1400000US51059480901,51059480901,"Census Tract 4809.01, Fairfax County, Virginia",1543,179
1400000US51059480902,51059480902,"Census Tract 4809.02, Fairfax County, Virginia",1479,158
1400000US51059480903,51059480903,"Census Tract 4809.03, Fairfax County, Virginia",1587,105
1400000US51059481000,51059481000,"Census Tract 4810, Fairfax County, Virginia",1715,58
1400000US51059481101,51059481101,"Census Tract 4811.01, Fairfax County, Virginia",1599,193
1400000US51059481102,51059481102,"Census Tract 4811.02, Fairfax County, Virginia",1768,75
1400000US51059481103,51059481103,"Census Tract 4811.03, Fairfax County, Virginia",1470,306
1400000US51059481104,51059481104,"Census Tract 4811.04, Fairfax County, Virginia",1415,110
1400000US51059481105,51059481105,"Census Tract 4811.05, Fairfax County, Virginia",1457,985
1400000US51059481106,51059481106,"Census Tract 4811.06, Fairfax County, Virginia","2,000+",***
1400000US51059481201,51059481201,"Census Tract 4812.01, Fairfax County, Virginia","2,000+",***
1400000US51059481202,51059481202,"Census Tract 4812.02, Fairfax County, Virginia",1057,411
1400000US51059481400,51059481400,"Census Tract 4814, Fairfax County, Virginia",530,849
1400000US51059481500,51059481500,"Census Tract 4815, Fairfax County, Virginia",1525,777
1400000US51059481600,51059481600,"Census Tract 4816, Fairfax County, Virginia","2,000+",***
1400000US51059481701,51059481701,"Census Tract 4817.01, Fairfax County, Virginia","2,000+",***
1400000US51059481702,51059481702,"Census Tract 4817.02, Fairfax County, Virginia",1716,127
1400000US51059481900,51059481900,"Census Tract 4819, Fairfax County, Virginia",1356,62
1400000US51059482001,51059482001,"Census Tract 4820.01, Fairfax County, Virginia","2,000+",***
1400000US51059482002,51059482002,"Census Tract 4820.02, Fairfax County, Virginia",1796,87
1400000US51059482100,51059482100,"Census Tract 4821, Fairfax County, Virginia",1348,133
1400000US51059482201,51059482201,"Census Tract 4822.01, Fairfax County, Virginia",1478,85
1400000US51059482202,51059482202,"Census Tract 4822.02, Fairfax County, Virginia",1452,191
1400000US51059482203,51059482203,"Census Tract 4822.03, Fairfax County, Virginia",1935,182
1400000US51059482301,51059482301,"Census Tract 4823.01, Fairfax County, Virginia",1451,202
1400000US51059482302,51059482302,"Census Tract 4823.02, Fairfax County, Virginia",1386,77
1400000US51059482303,51059482303,"Census Tract 4823.03, Fairfax County, Virginia",1871,272
1400000US51059482400,51059482400,"Census Tract 4824, Fairfax County, Virginia","2,000+",***
1400000US51059482501,51059482501,"Census Tract 4825.01, Fairfax County, Virginia",1681,86
1400000US51059482502,51059482502,"Census Tract 4825.02, Fairfax County, Virginia","2,000+",***
1400000US51059482503,51059482503,"Census Tract 4825.03, Fairfax County, Virginia","2,000+",***
1400000US51059482504,51059482504,"Census Tract 4825.04, Fairfax County, Virginia","2,000+",***
1400000US51059482601,51059482601,"Census Tract 4826.01, Fairfax County, Virginia","2,000+",***
1400000US51059482602,51059482602,"Census Tract 4826.02, Fairfax County, Virginia",1445,787
1400000US51059490101,51059490101,"Census Tract 4901.01, Fairfax County, Virginia",1382,189
1400000US51059490103,51059490103,"Census Tract 4901.03, Fairfax County, Virginia",1854,649
1400000US51059490501,51059490501,"Census Tract 4905.01, Fairfax County, Virginia",1363,106
1400000US51059490502,51059490502,"Census Tract 4905.02, Fairfax County, Virginia","2,000+",***
1400000US51059491000,51059491000,"Census Tract 4910, Fairfax County, Virginia",-,**
1400000US51059491101,51059491101,"Census Tract 4911.01, Fairfax County, Virginia",-,**
1400000US51059491102,51059491102,"Census Tract 4911.02, Fairfax County, Virginia","2,000+",***
1400000US51059491103,51059491103,"Census Tract 4911.03, Fairfax County, Virginia",1611,306
1400000US51059491201,51059491201,"Census Tract 4912.01, Fairfax County, Virginia",1496,160
1400000US51059491202,51059491202,"Census Tract 4912.02, Fairfax County, Virginia",1530,113
1400000US51059491301,51059491301,"Census Tract 4913.01, Fairfax County, Virginia",1455,251
1400000US51059491302,51059491302,"Census Tract 4913.02, Fairfax County, Virginia",1486,100
1400000US51059491303,51059491303,"Census Tract 4913.03, Fairfax County, Virginia",1523,165
1400000US51059491401,51059491401,"Census Tract 4914.01, Fairfax County, Virginia",1763,185
1400000US51059491402,51059491402,"Census Tract 4914.02, Fairfax County, Virginia",1770,36
1400000US51059491403,51059491403,"Census Tract 4914.03, Fairfax County, Virginia","2,000+",***
1400000US51059491404,51059491404,"Census Tract 4914.04, Fairfax County, Virginia","2,000+",***
1400000US51059491405,51059491405,"Census Tract 4914.05, Fairfax County, Virginia","2,000+",***
1400000US51059491501,51059491501,"Census Tract 4915.01, Fairfax County, Virginia",1862,154
1400000US51059491502,51059491502,"Census Tract 4915.02, Fairfax County, Virginia","2,000+",***
1400000US51059491601,51059491601,"Census Tract 4916.01, Fairfax County, Virginia",1492,154
1400000US51059491602,51059491602,"Census Tract 4916.02, Fairfax County, Virginia",1797,267
1400000US51059491701,51059491701,"Census Tract 4917.01, Fairfax County, Virginia",1561,192
1400000US51059491702,51059491702,"Census Tract 4917.02, Fairfax County, Virginia",1604,118
1400000US51059491703,51059491703,"Census Tract 4917.03, Fairfax County, Virginia",1709,79
1400000US51059491704,51059491704,"Census Tract 4917.04, Fairfax County, Virginia",1682,137
1400000US51059491705,51059491705,"Census Tract 4917.05, Fairfax County, Virginia","2,000+",***
1400000US51059491801,51059491801,"Census Tract 4918.01, Fairfax County, Virginia",1683,136
1400000US51059491802,51059491802,"Census Tract 4918.02, Fairfax County, Virginia",1956,432
1400000US51059491803,51059491803,"Census Tract 4918.03, Fairfax County, Virginia",1483,129
1400000US51059492000,51059492000,"Census Tract 4920, Fairfax County, Virginia","2,000+",***
1400000US51059492100,51059492100,"Census Tract 4921, Fairfax County, Virginia","2,000+",***
1400000US51059492201,51059492201,"Census Tract 4922.01, Fairfax County, Virginia",-,**
1400000US51059492202,51059492202,"Census Tract 4922.02, Fairfax County, Virginia","2,000+",***
1400000US51059492203,51059492203,"Census Tract 4922.03, Fairfax County, Virginia","2,000+",***
1400000US51059492300,51059492300,"Census Tract 4923, Fairfax County, Virginia","2,000+",***
1400000US51059492400,51059492400,"Census Tract 4924, Fairfax County, Virginia",1679,77
1400000US51059492500,51059492500,"Census Tract 4925, Fairfax County, Virginia",1723,53
1400000US51059980100,51059980100,"Census Tract 9801, Fairfax County, Virginia",-,**
1400000US51059980200,51059980200,"Census Tract 9802, Fairfax County, Virginia",-,**
1400000US51059980300,51059980300,"Census Tract 9803, Fairfax County, Virginia",-,**
1400000US51510200102,51510200102,"Census Tract 2001.02, Alexandria city, Virginia",1404,37
1400000US51510200103,51510200103,"Census Tract 2001.03, Alexandria city, Virginia",1229,57
1400000US51510200104,51510200104,"Census Tract 2001.04, Alexandria city, Virginia",1550,84
1400000US51510200105,51510200105,"Census Tract 2001.05, Alexandria city, Virginia",1020,57
1400000US51510200106,51510200106,"Census Tract 2001.06, Alexandria city, Virginia",1485,135
1400000US51510200107,51510200107,"Census Tract 2001.07, Alexandria city, Virginia",1667,69
1400000US51510200201,51510200201,"Census Tract 2002.01, Alexandria city, Virginia",1475,110
1400000US51510200202,51510200202,"Census Tract 2002.02, Alexandria city, Virginia","2,000+",***
1400000US51510200301,51510200301,"Census Tract 2003.01, Alexandria city, Virginia",1471,87
1400000US51510200302,51510200302,"Census Tract 2003.02, Alexandria city, Virginia",1725,50
1400000US51510200303,51510200303,"Census Tract 2003.03, Alexandria city, Virginia",1263,133
1400000US51510200403,51510200403,"Census Tract 2004.03, Alexandria city, Virginia",1921,163
1400000US51510200404,51510200404,"Census Tract 2004.04, Alexandria city, Virginia","2,000+",***
1400000US51510200405,51510200405,"Census Tract 2004.05, Alexandria city, Virginia",1422,41
1400000US51510200406,51510200406,"Census Tract 2004.06, Alexandria city, Virginia",1402,85
1400000US51510200407,51510200407,"Census Tract 2004.07, Alexandria city, Virginia",1627,116
1400000US51510200500,51510200500,"Census Tract 2005, Alexandria city, Virginia",1320,44
1400000US51510200600,51510200600,"Census Tract 2006, Alexandria city, Virginia",1335,109
1400000US51510200701,51510200701,"Census Tract 2007.01, Alexandria city, Virginia","2,000+",***
1400000US51510200702,51510200702,"Census Tract 2007.02, Alexandria city, Virginia","2,000+",***
1400000US51510200703,51510200703,"Census Tract 2007.03, Alexandria city, Virginia",1589,319
1400000US51510200801,51510200801,"Census Tract 2008.01, Alexandria city, Virginia","2,000+",***
1400000US51510200802,51510200802,"Census Tract 2008.02, Alexandria city, Virginia",1322,199
1400000US51510200900,51510200900,"Census Tract 2009, Alexandria city, Virginia",1978,242
1400000US51510201000,51510201000,"Census Tract 2010, Alexandria city, Virginia",1414,205
1400000US51510201100,51510201100,"Census Tract 2011, Alexandria city, Virginia",1175,43
1400000US51510201202,51510201202,"Census Tract 2012.02, Alexandria city, Virginia",1568,155
1400000US51510201203,51510201203,"Census Tract 2012.03, Alexandria city, Virginia",1283,69
1400000US51510201204,51510201204,"Census Tract 2012.04, Alexandria city, Virginia",1227,81
1400000US51510201300,51510201300,"Census Tract 2013, Alexandria city, Virginia",1411,90
1400000US51510201400,51510201400,"Census Tract 2014, Alexandria city, Virginia",1366,92
1400000US51510201500,51510201500,"Census Tract 2015, Alexandria city, Virginia",1704,337
1400000US51510201600,51510201600,"Census Tract 2016, Alexandria city, Virginia",1774,105
1400000US51510201801,51510201801,"Census Tract 2018.01, Alexandria city, Virginia",1263,122
1400000US51510201802,51510201802,"Census Tract 2018.02, Alexandria city, Virginia","2,000+",***
1400000US51510201900,51510201900,"Census Tract 2019, Alexandria city, Virginia",1630,177
1400000US51510202001,51510202001,"Census Tract 2020.01, Alexandria city, Virginia",1929,257
1400000US51510202002,51510202002,"Census Tract 2020.02, Alexandria city, Virginia",1303,112
1400000US51610500100,51610500100,"Census Tract 5001, Falls Church city, Virginia","2,000+",***
1400000US51610500200,51610500200,"Census Tract 5002, Falls Church city, Virginia",1469,81
1400000US51610500300,51610500300,"Census Tract 5003, Falls Church city, Virginia",1539,105
