GEO.id,GEO.id2,GEO.display-label,VD01
Id,Id2,Geography,Median gross rent as a percentage of household income in 1999
1400000US11001000100,11001000100,"Census Tract 1, District of Columbia, District of Columbia",22.0
1400000US11001000201,11001000201,"Census Tract 2.01, District of Columbia, District of Columbia",0.0
1400000US11001000202,11001000202,"Census Tract 2.02, District of Columbia, District of Columbia",36.0
1400000US11001000300,11001000300,"Census Tract 3, District of Columbia, District of Columbia",22.5
1400000US11001000400,11001000400,"Census Tract 4, District of Columbia, District of Columbia",24.3
1400000US11001000501,11001000501,"Census Tract 5.01, District of Columbia, District of Columbia",19.1
1400000US11001000502,11001000502,"Census Tract 5.02, District of Columbia, District of Columbia",23.5
1400000US11001000600,11001000600,"Census Tract 6, District of Columbia, District of Columbia",21.8
1400000US11001000701,11001000701,"Census Tract 7.01, District of Columbia, District of Columbia",22.4
1400000US11001000702,11001000702,"Census Tract 7.02, District of Columbia, District of Columbia",24.1
1400000US11001000801,11001000801,"Census Tract 8.01, District of Columbia, District of Columbia",26.4
1400000US11001000802,11001000802,"Census Tract 8.02, District of Columbia, District of Columbia",25.5
1400000US11001000901,11001000901,"Census Tract 9.01, District of Columbia, District of Columbia",26.3
1400000US11001000902,11001000902,"Census Tract 9.02, District of Columbia, District of Columbia",17.9
1400000US11001001001,11001001001,"Census Tract 10.01, District of Columbia, District of Columbia",23.3
1400000US11001001002,11001001002,"Census Tract 10.02, District of Columbia, District of Columbia",31.1
1400000US11001001100,11001001100,"Census Tract 11, District of Columbia, District of Columbia",22.8
1400000US11001001200,11001001200,"Census Tract 12, District of Columbia, District of Columbia",22.2
1400000US11001001301,11001001301,"Census Tract 13.01, District of Columbia, District of Columbia",22.4
1400000US11001001302,11001001302,"Census Tract 13.02, District of Columbia, District of Columbia",22.7
1400000US11001001401,11001001401,"Census Tract 14.01, District of Columbia, District of Columbia",24.1
1400000US11001001402,11001001402,"Census Tract 14.02, District of Columbia, District of Columbia",29.1
1400000US11001001500,11001001500,"Census Tract 15, District of Columbia, District of Columbia",24.3
1400000US11001001600,11001001600,"Census Tract 16, District of Columbia, District of Columbia",23.6
1400000US11001001701,11001001701,"Census Tract 17.01, District of Columbia, District of Columbia",23.0
1400000US11001001702,11001001702,"Census Tract 17.02, District of Columbia, District of Columbia",22.5
1400000US11001001801,11001001801,"Census Tract 18.01, District of Columbia, District of Columbia",25.6
1400000US11001001803,11001001803,"Census Tract 18.03, District of Columbia, District of Columbia",23.6
1400000US11001001804,11001001804,"Census Tract 18.04, District of Columbia, District of Columbia",24.4
1400000US11001001901,11001001901,"Census Tract 19.01, District of Columbia, District of Columbia",22.5
1400000US11001001902,11001001902,"Census Tract 19.02, District of Columbia, District of Columbia",19.8
1400000US11001002001,11001002001,"Census Tract 20.01, District of Columbia, District of Columbia",24.8
1400000US11001002002,11001002002,"Census Tract 20.02, District of Columbia, District of Columbia",26.9
1400000US11001002101,11001002101,"Census Tract 21.01, District of Columbia, District of Columbia",23.2
1400000US11001002102,11001002102,"Census Tract 21.02, District of Columbia, District of Columbia",25.5
1400000US11001002201,11001002201,"Census Tract 22.01, District of Columbia, District of Columbia",30.0
1400000US11001002202,11001002202,"Census Tract 22.02, District of Columbia, District of Columbia",21.4
1400000US11001002301,11001002301,"Census Tract 23.01, District of Columbia, District of Columbia",19.5
1400000US11001002302,11001002302,"Census Tract 23.02, District of Columbia, District of Columbia",26.3
1400000US11001002400,11001002400,"Census Tract 24, District of Columbia, District of Columbia",31.0
1400000US11001002501,11001002501,"Census Tract 25.01, District of Columbia, District of Columbia",28.5
1400000US11001002502,11001002502,"Census Tract 25.02, District of Columbia, District of Columbia",25.2
1400000US11001002600,11001002600,"Census Tract 26, District of Columbia, District of Columbia",22.5
1400000US11001002701,11001002701,"Census Tract 27.01, District of Columbia, District of Columbia",25.3
1400000US11001002702,11001002702,"Census Tract 27.02, District of Columbia, District of Columbia",25.1
1400000US11001002801,11001002801,"Census Tract 28.01, District of Columbia, District of Columbia",25.8
1400000US11001002802,11001002802,"Census Tract 28.02, District of Columbia, District of Columbia",25.4
1400000US11001002900,11001002900,"Census Tract 29, District of Columbia, District of Columbia",28.3
1400000US11001003000,11001003000,"Census Tract 30, District of Columbia, District of Columbia",29.5
1400000US11001003100,11001003100,"Census Tract 31, District of Columbia, District of Columbia",28.6
1400000US11001003200,11001003200,"Census Tract 32, District of Columbia, District of Columbia",27.4
1400000US11001003301,11001003301,"Census Tract 33.01, District of Columbia, District of Columbia",29.6
1400000US11001003302,11001003302,"Census Tract 33.02, District of Columbia, District of Columbia",26.3
1400000US11001003400,11001003400,"Census Tract 34, District of Columbia, District of Columbia",27.1
1400000US11001003500,11001003500,"Census Tract 35, District of Columbia, District of Columbia",28.7
1400000US11001003600,11001003600,"Census Tract 36, District of Columbia, District of Columbia",27.1
1400000US11001003700,11001003700,"Census Tract 37, District of Columbia, District of Columbia",23.7
1400000US11001003800,11001003800,"Census Tract 38, District of Columbia, District of Columbia",25.1
1400000US11001003900,11001003900,"Census Tract 39, District of Columbia, District of Columbia",23.4
1400000US11001004001,11001004001,"Census Tract 40.01, District of Columbia, District of Columbia",22.7
1400000US11001004002,11001004002,"Census Tract 40.02, District of Columbia, District of Columbia",22.7
1400000US11001004100,11001004100,"Census Tract 41, District of Columbia, District of Columbia",20.4
1400000US11001004201,11001004201,"Census Tract 42.01, District of Columbia, District of Columbia",24.9
1400000US11001004202,11001004202,"Census Tract 42.02, District of Columbia, District of Columbia",23.7
1400000US11001004300,11001004300,"Census Tract 43, District of Columbia, District of Columbia",25.6
1400000US11001004400,11001004400,"Census Tract 44, District of Columbia, District of Columbia",26.1
1400000US11001004600,11001004600,"Census Tract 46, District of Columbia, District of Columbia",29.6
1400000US11001004700,11001004700,"Census Tract 47, District of Columbia, District of Columbia",22.9
1400000US11001004801,11001004801,"Census Tract 48.01, District of Columbia, District of Columbia",29.4
1400000US11001004802,11001004802,"Census Tract 48.02, District of Columbia, District of Columbia",24.4
1400000US11001004901,11001004901,"Census Tract 49.01, District of Columbia, District of Columbia",27.9
1400000US11001004902,11001004902,"Census Tract 49.02, District of Columbia, District of Columbia",23.5
1400000US11001005000,11001005000,"Census Tract 50, District of Columbia, District of Columbia",26.4
1400000US11001005100,11001005100,"Census Tract 51, District of Columbia, District of Columbia",23.0
1400000US11001005201,11001005201,"Census Tract 52.01, District of Columbia, District of Columbia",25.7
1400000US11001005202,11001005202,"Census Tract 52.02, District of Columbia, District of Columbia",25.7
1400000US11001005301,11001005301,"Census Tract 53.01, District of Columbia, District of Columbia",22.5
1400000US11001005302,11001005302,"Census Tract 53.02, District of Columbia, District of Columbia",23.4
1400000US11001005401,11001005401,"Census Tract 54.01, District of Columbia, District of Columbia",29.5
1400000US11001005402,11001005402,"Census Tract 54.02, District of Columbia, District of Columbia",0.0
1400000US11001005500,11001005500,"Census Tract 55, District of Columbia, District of Columbia",25.8
1400000US11001005600,11001005600,"Census Tract 56, District of Columbia, District of Columbia",34.5
1400000US11001005701,11001005701,"Census Tract 57.01, District of Columbia, District of Columbia",50.0+
1400000US11001005702,11001005702,"Census Tract 57.02, District of Columbia, District of Columbia",0.0
1400000US11001005800,11001005800,"Census Tract 58, District of Columbia, District of Columbia",26.1
1400000US11001005900,11001005900,"Census Tract 59, District of Columbia, District of Columbia",18.5
1400000US11001006001,11001006001,"Census Tract 60.01, District of Columbia, District of Columbia",24.0
1400000US11001006002,11001006002,"Census Tract 60.02, District of Columbia, District of Columbia",29.1
1400000US11001006100,11001006100,"Census Tract 61, District of Columbia, District of Columbia",23.8
1400000US11001006201,11001006201,"Census Tract 62.01, District of Columbia, District of Columbia",0.0
1400000US11001006202,11001006202,"Census Tract 62.02, District of Columbia, District of Columbia",0.0
1400000US11001006301,11001006301,"Census Tract 63.01, District of Columbia, District of Columbia",21.8
1400000US11001006302,11001006302,"Census Tract 63.02, District of Columbia, District of Columbia",0.0
1400000US11001006400,11001006400,"Census Tract 64, District of Columbia, District of Columbia",25.9
1400000US11001006500,11001006500,"Census Tract 65, District of Columbia, District of Columbia",20.9
1400000US11001006600,11001006600,"Census Tract 66, District of Columbia, District of Columbia",20.6
1400000US11001006700,11001006700,"Census Tract 67, District of Columbia, District of Columbia",20.8
1400000US11001006801,11001006801,"Census Tract 68.01, District of Columbia, District of Columbia",28.9
1400000US11001006802,11001006802,"Census Tract 68.02, District of Columbia, District of Columbia",23.7
1400000US11001006804,11001006804,"Census Tract 68.04, District of Columbia, District of Columbia",10.0-
1400000US11001006900,11001006900,"Census Tract 69, District of Columbia, District of Columbia",27.2
1400000US11001007000,11001007000,"Census Tract 70, District of Columbia, District of Columbia",21.2
1400000US11001007100,11001007100,"Census Tract 71, District of Columbia, District of Columbia",22.2
1400000US11001007200,11001007200,"Census Tract 72, District of Columbia, District of Columbia",24.9
1400000US11001007301,11001007301,"Census Tract 73.01, District of Columbia, District of Columbia",25.1
1400000US11001007302,11001007302,"Census Tract 73.02, District of Columbia, District of Columbia",26.7
1400000US11001007304,11001007304,"Census Tract 73.04, District of Columbia, District of Columbia",26.2
1400000US11001007308,11001007308,"Census Tract 73.08, District of Columbia, District of Columbia",0.0
1400000US11001007401,11001007401,"Census Tract 74.01, District of Columbia, District of Columbia",23.7
1400000US11001007403,11001007403,"Census Tract 74.03, District of Columbia, District of Columbia",22.4
1400000US11001007404,11001007404,"Census Tract 74.04, District of Columbia, District of Columbia",25.8
1400000US11001007406,11001007406,"Census Tract 74.06, District of Columbia, District of Columbia",28.8
1400000US11001007407,11001007407,"Census Tract 74.07, District of Columbia, District of Columbia",24.0
1400000US11001007408,11001007408,"Census Tract 74.08, District of Columbia, District of Columbia",28.4
1400000US11001007409,11001007409,"Census Tract 74.09, District of Columbia, District of Columbia",26.8
1400000US11001007502,11001007502,"Census Tract 75.02, District of Columbia, District of Columbia",28.4
1400000US11001007503,11001007503,"Census Tract 75.03, District of Columbia, District of Columbia",31.5
1400000US11001007504,11001007504,"Census Tract 75.04, District of Columbia, District of Columbia",24.8
1400000US11001007601,11001007601,"Census Tract 76.01, District of Columbia, District of Columbia",22.5
1400000US11001007603,11001007603,"Census Tract 76.03, District of Columbia, District of Columbia",27.9
1400000US11001007604,11001007604,"Census Tract 76.04, District of Columbia, District of Columbia",22.9
1400000US11001007605,11001007605,"Census Tract 76.05, District of Columbia, District of Columbia",24.3
1400000US11001007703,11001007703,"Census Tract 77.03, District of Columbia, District of Columbia",26.2
1400000US11001007707,11001007707,"Census Tract 77.07, District of Columbia, District of Columbia",26.1
1400000US11001007708,11001007708,"Census Tract 77.08, District of Columbia, District of Columbia",27.7
1400000US11001007709,11001007709,"Census Tract 77.09, District of Columbia, District of Columbia",25.3
1400000US11001007803,11001007803,"Census Tract 78.03, District of Columbia, District of Columbia",26.8
1400000US11001007804,11001007804,"Census Tract 78.04, District of Columbia, District of Columbia",21.8
1400000US11001007806,11001007806,"Census Tract 78.06, District of Columbia, District of Columbia",20.7
1400000US11001007807,11001007807,"Census Tract 78.07, District of Columbia, District of Columbia",22.2
1400000US11001007808,11001007808,"Census Tract 78.08, District of Columbia, District of Columbia",28.1
1400000US11001007809,11001007809,"Census Tract 78.09, District of Columbia, District of Columbia",20.1
1400000US11001007901,11001007901,"Census Tract 79.01, District of Columbia, District of Columbia",24.3
1400000US11001007903,11001007903,"Census Tract 79.03, District of Columbia, District of Columbia",25.7
1400000US11001008001,11001008001,"Census Tract 80.01, District of Columbia, District of Columbia",30.1
1400000US11001008002,11001008002,"Census Tract 80.02, District of Columbia, District of Columbia",21.9
1400000US11001008100,11001008100,"Census Tract 81, District of Columbia, District of Columbia",21.7
1400000US11001008200,11001008200,"Census Tract 82, District of Columbia, District of Columbia",21.9
1400000US11001008301,11001008301,"Census Tract 83.01, District of Columbia, District of Columbia",21.9
1400000US11001008302,11001008302,"Census Tract 83.02, District of Columbia, District of Columbia",22.0
1400000US11001008402,11001008402,"Census Tract 84.02, District of Columbia, District of Columbia",26.2
1400000US11001008410,11001008410,"Census Tract 84.10, District of Columbia, District of Columbia",23.5
1400000US11001008500,11001008500,"Census Tract 85, District of Columbia, District of Columbia",28.4
1400000US11001008600,11001008600,"Census Tract 86, District of Columbia, District of Columbia",12.5
1400000US11001008701,11001008701,"Census Tract 87.01, District of Columbia, District of Columbia",23.8
1400000US11001008702,11001008702,"Census Tract 87.02, District of Columbia, District of Columbia",21.3
1400000US11001008802,11001008802,"Census Tract 88.02, District of Columbia, District of Columbia",26.3
1400000US11001008803,11001008803,"Census Tract 88.03, District of Columbia, District of Columbia",33.0
1400000US11001008804,11001008804,"Census Tract 88.04, District of Columbia, District of Columbia",27.1
1400000US11001008903,11001008903,"Census Tract 89.03, District of Columbia, District of Columbia",23.9
1400000US11001008904,11001008904,"Census Tract 89.04, District of Columbia, District of Columbia",29.8
1400000US11001008905,11001008905,"Census Tract 89.05, District of Columbia, District of Columbia",0.0
1400000US11001009000,11001009000,"Census Tract 90, District of Columbia, District of Columbia",27.5
1400000US11001009101,11001009101,"Census Tract 91.01, District of Columbia, District of Columbia",24.2
1400000US11001009102,11001009102,"Census Tract 91.02, District of Columbia, District of Columbia",24.9
1400000US11001009201,11001009201,"Census Tract 92.01, District of Columbia, District of Columbia",33.3
1400000US11001009203,11001009203,"Census Tract 92.03, District of Columbia, District of Columbia",25.7
1400000US11001009204,11001009204,"Census Tract 92.04, District of Columbia, District of Columbia",25.5
1400000US11001009301,11001009301,"Census Tract 93.01, District of Columbia, District of Columbia",24.2
1400000US11001009302,11001009302,"Census Tract 93.02, District of Columbia, District of Columbia",25.4
1400000US11001009400,11001009400,"Census Tract 94, District of Columbia, District of Columbia",27.6
1400000US11001009501,11001009501,"Census Tract 95.01, District of Columbia, District of Columbia",27.0
1400000US11001009503,11001009503,"Census Tract 95.03, District of Columbia, District of Columbia",20.5
1400000US11001009504,11001009504,"Census Tract 95.04, District of Columbia, District of Columbia",22.2
1400000US11001009505,11001009505,"Census Tract 95.05, District of Columbia, District of Columbia",22.2
1400000US11001009507,11001009507,"Census Tract 95.07, District of Columbia, District of Columbia",26.3
1400000US11001009508,11001009508,"Census Tract 95.08, District of Columbia, District of Columbia",22.5
1400000US11001009509,11001009509,"Census Tract 95.09, District of Columbia, District of Columbia",14.3
1400000US11001009601,11001009601,"Census Tract 96.01, District of Columbia, District of Columbia",22.1
1400000US11001009602,11001009602,"Census Tract 96.02, District of Columbia, District of Columbia",30.2
1400000US11001009603,11001009603,"Census Tract 96.03, District of Columbia, District of Columbia",26.9
1400000US11001009604,11001009604,"Census Tract 96.04, District of Columbia, District of Columbia",25.9
1400000US11001009700,11001009700,"Census Tract 97, District of Columbia, District of Columbia",23.4
1400000US11001009801,11001009801,"Census Tract 98.01, District of Columbia, District of Columbia",24.9
1400000US11001009802,11001009802,"Census Tract 98.02, District of Columbia, District of Columbia",18.7
1400000US11001009803,11001009803,"Census Tract 98.03, District of Columbia, District of Columbia",30.0
1400000US11001009804,11001009804,"Census Tract 98.04, District of Columbia, District of Columbia",25.8
1400000US11001009806,11001009806,"Census Tract 98.06, District of Columbia, District of Columbia",25.6
1400000US11001009807,11001009807,"Census Tract 98.07, District of Columbia, District of Columbia",25.4
1400000US11001009808,11001009808,"Census Tract 98.08, District of Columbia, District of Columbia",26.7
1400000US11001009809,11001009809,"Census Tract 98.09, District of Columbia, District of Columbia",0.0
1400000US11001009901,11001009901,"Census Tract 99.01, District of Columbia, District of Columbia",24.1
1400000US11001009902,11001009902,"Census Tract 99.02, District of Columbia, District of Columbia",27.2
1400000US11001009903,11001009903,"Census Tract 99.03, District of Columbia, District of Columbia",27.6
1400000US11001009904,11001009904,"Census Tract 99.04, District of Columbia, District of Columbia",25.0
1400000US11001009905,11001009905,"Census Tract 99.05, District of Columbia, District of Columbia",29.4
1400000US11001009906,11001009906,"Census Tract 99.06, District of Columbia, District of Columbia",32.6
1400000US11001009907,11001009907,"Census Tract 99.07, District of Columbia, District of Columbia",28.0
1400000US24031700101,24031700101,"Census Tract 7001.01, Montgomery County, Maryland",17.8
1400000US24031700102,24031700102,"Census Tract 7001.02, Montgomery County, Maryland",24.5
1400000US24031700103,24031700103,"Census Tract 7001.03, Montgomery County, Maryland",20.0
1400000US24031700202,24031700202,"Census Tract 7002.02, Montgomery County, Maryland",24.8
1400000US24031700204,24031700204,"Census Tract 7002.04, Montgomery County, Maryland",23.6
1400000US24031700205,24031700205,"Census Tract 7002.05, Montgomery County, Maryland",29.2
1400000US24031700206,24031700206,"Census Tract 7002.06, Montgomery County, Maryland",25.5
1400000US24031700302,24031700302,"Census Tract 7003.02, Montgomery County, Maryland",24.0
1400000US24031700304,24031700304,"Census Tract 7003.04, Montgomery County, Maryland",23.3
1400000US24031700306,24031700306,"Census Tract 7003.06, Montgomery County, Maryland",26.6
1400000US24031700308,24031700308,"Census Tract 7003.08, Montgomery County, Maryland",23.9
1400000US24031700309,24031700309,"Census Tract 7003.09, Montgomery County, Maryland",22.4
1400000US24031700310,24031700310,"Census Tract 7003.10, Montgomery County, Maryland",24.0
1400000US24031700400,24031700400,"Census Tract 7004, Montgomery County, Maryland",18.8
1400000US24031700500,24031700500,"Census Tract 7005, Montgomery County, Maryland",26.2
1400000US24031700604,24031700604,"Census Tract 7006.04, Montgomery County, Maryland",26.3
1400000US24031700605,24031700605,"Census Tract 7006.05, Montgomery County, Maryland",25.4
1400000US24031700606,24031700606,"Census Tract 7006.06, Montgomery County, Maryland",18.8
1400000US24031700607,24031700607,"Census Tract 7006.07, Montgomery County, Maryland",26.4
1400000US24031700608,24031700608,"Census Tract 7006.08, Montgomery County, Maryland",50.0+
1400000US24031700609,24031700609,"Census Tract 7006.09, Montgomery County, Maryland",23.4
1400000US24031700610,24031700610,"Census Tract 7006.10, Montgomery County, Maryland",22.1
1400000US24031700704,24031700704,"Census Tract 7007.04, Montgomery County, Maryland",25.0
1400000US24031700705,24031700705,"Census Tract 7007.05, Montgomery County, Maryland",28.5
1400000US24031700706,24031700706,"Census Tract 7007.06, Montgomery County, Maryland",24.7
1400000US24031700708,24031700708,"Census Tract 7007.08, Montgomery County, Maryland",23.2
1400000US24031700710,24031700710,"Census Tract 7007.10, Montgomery County, Maryland",21.9
1400000US24031700711,24031700711,"Census Tract 7007.11, Montgomery County, Maryland",23.7
1400000US24031700712,24031700712,"Census Tract 7007.12, Montgomery County, Maryland",23.4
1400000US24031700713,24031700713,"Census Tract 7007.13, Montgomery County, Maryland",22.7
1400000US24031700714,24031700714,"Census Tract 7007.14, Montgomery County, Maryland",26.0
1400000US24031700715,24031700715,"Census Tract 7007.15, Montgomery County, Maryland",23.5
1400000US24031700716,24031700716,"Census Tract 7007.16, Montgomery County, Maryland",19.0
1400000US24031700805,24031700805,"Census Tract 7008.05, Montgomery County, Maryland",25.1
1400000US24031700806,24031700806,"Census Tract 7008.06, Montgomery County, Maryland",26.6
1400000US24031700808,24031700808,"Census Tract 7008.08, Montgomery County, Maryland",22.8
1400000US24031700809,24031700809,"Census Tract 7008.09, Montgomery County, Maryland",27.6
1400000US24031700810,24031700810,"Census Tract 7008.10, Montgomery County, Maryland",18.2
1400000US24031700811,24031700811,"Census Tract 7008.11, Montgomery County, Maryland",23.5
1400000US24031700812,24031700812,"Census Tract 7008.12, Montgomery County, Maryland",32.8
1400000US24031700813,24031700813,"Census Tract 7008.13, Montgomery County, Maryland",24.1
1400000US24031700815,24031700815,"Census Tract 7008.15, Montgomery County, Maryland",28.0
1400000US24031700816,24031700816,"Census Tract 7008.16, Montgomery County, Maryland",22.1
1400000US24031700817,24031700817,"Census Tract 7008.17, Montgomery County, Maryland",24.7
1400000US24031700818,24031700818,"Census Tract 7008.18, Montgomery County, Maryland",24.6
1400000US24031700819,24031700819,"Census Tract 7008.19, Montgomery County, Maryland",23.4
1400000US24031700901,24031700901,"Census Tract 7009.01, Montgomery County, Maryland",26.5
1400000US24031700902,24031700902,"Census Tract 7009.02, Montgomery County, Maryland",22.3
1400000US24031700903,24031700903,"Census Tract 7009.03, Montgomery County, Maryland",21.5
1400000US24031700904,24031700904,"Census Tract 7009.04, Montgomery County, Maryland",24.3
1400000US24031700905,24031700905,"Census Tract 7009.05, Montgomery County, Maryland",30.9
1400000US24031701001,24031701001,"Census Tract 7010.01, Montgomery County, Maryland",26.6
1400000US24031701002,24031701002,"Census Tract 7010.02, Montgomery County, Maryland",25.2
1400000US24031701003,24031701003,"Census Tract 7010.03, Montgomery County, Maryland",20.0
1400000US24031701004,24031701004,"Census Tract 7010.04, Montgomery County, Maryland",23.3
1400000US24031701005,24031701005,"Census Tract 7010.05, Montgomery County, Maryland",20.0
1400000US24031701101,24031701101,"Census Tract 7011.01, Montgomery County, Maryland",25.1
1400000US24031701102,24031701102,"Census Tract 7011.02, Montgomery County, Maryland",23.8
1400000US24031701201,24031701201,"Census Tract 7012.01, Montgomery County, Maryland",22.4
1400000US24031701202,24031701202,"Census Tract 7012.02, Montgomery County, Maryland",20.0
1400000US24031701204,24031701204,"Census Tract 7012.04, Montgomery County, Maryland",26.5
1400000US24031701205,24031701205,"Census Tract 7012.05, Montgomery County, Maryland",25.9
1400000US24031701206,24031701206,"Census Tract 7012.06, Montgomery County, Maryland",36.4
1400000US24031701209,24031701209,"Census Tract 7012.09, Montgomery County, Maryland",20.2
1400000US24031701210,24031701210,"Census Tract 7012.10, Montgomery County, Maryland",26.0
1400000US24031701211,24031701211,"Census Tract 7012.11, Montgomery County, Maryland",25.4
1400000US24031701212,24031701212,"Census Tract 7012.12, Montgomery County, Maryland",20.5
1400000US24031701213,24031701213,"Census Tract 7012.13, Montgomery County, Maryland",21.3
1400000US24031701214,24031701214,"Census Tract 7012.14, Montgomery County, Maryland",20.6
1400000US24031701215,24031701215,"Census Tract 7012.15, Montgomery County, Maryland",22.1
1400000US24031701303,24031701303,"Census Tract 7013.03, Montgomery County, Maryland",41.2
1400000US24031701304,24031701304,"Census Tract 7013.04, Montgomery County, Maryland",34.0
1400000US24031701306,24031701306,"Census Tract 7013.06, Montgomery County, Maryland",23.6
1400000US24031701307,24031701307,"Census Tract 7013.07, Montgomery County, Maryland",15.6
1400000US24031701308,24031701308,"Census Tract 7013.08, Montgomery County, Maryland",20.5
1400000US24031701309,24031701309,"Census Tract 7013.09, Montgomery County, Maryland",30.3
1400000US24031701310,24031701310,"Census Tract 7013.10, Montgomery County, Maryland",30.7
1400000US24031701312,24031701312,"Census Tract 7013.12, Montgomery County, Maryland",25.6
1400000US24031701313,24031701313,"Census Tract 7013.13, Montgomery County, Maryland",35.5
1400000US24031701407,24031701407,"Census Tract 7014.07, Montgomery County, Maryland",26.8
1400000US24031701408,24031701408,"Census Tract 7014.08, Montgomery County, Maryland",16.2
1400000US24031701409,24031701409,"Census Tract 7014.09, Montgomery County, Maryland",25.6
1400000US24031701410,24031701410,"Census Tract 7014.10, Montgomery County, Maryland",23.6
1400000US24031701412,24031701412,"Census Tract 7014.12, Montgomery County, Maryland",23.2
1400000US24031701414,24031701414,"Census Tract 7014.14, Montgomery County, Maryland",26.8
1400000US24031701415,24031701415,"Census Tract 7014.15, Montgomery County, Maryland",18.9
1400000US24031701416,24031701416,"Census Tract 7014.16, Montgomery County, Maryland",24.3
1400000US24031701417,24031701417,"Census Tract 7014.17, Montgomery County, Maryland",24.2
1400000US24031701503,24031701503,"Census Tract 7015.03, Montgomery County, Maryland",29.3
1400000US24031701504,24031701504,"Census Tract 7015.04, Montgomery County, Maryland",26.5
1400000US24031701505,24031701505,"Census Tract 7015.05, Montgomery County, Maryland",24.4
1400000US24031701506,24031701506,"Census Tract 7015.06, Montgomery County, Maryland",38.4
1400000US24031701507,24031701507,"Census Tract 7015.07, Montgomery County, Maryland",36.9
1400000US24031701600,24031701600,"Census Tract 7016, Montgomery County, Maryland",25.9
1400000US24031701701,24031701701,"Census Tract 7017.01, Montgomery County, Maryland",24.9
1400000US24031701702,24031701702,"Census Tract 7017.02, Montgomery County, Maryland",23.6
1400000US24031701703,24031701703,"Census Tract 7017.03, Montgomery County, Maryland",25.3
1400000US24031701704,24031701704,"Census Tract 7017.04, Montgomery County, Maryland",21.5
1400000US24031701800,24031701800,"Census Tract 7018, Montgomery County, Maryland",25.6
1400000US24031701900,24031701900,"Census Tract 7019, Montgomery County, Maryland",23.4
1400000US24031702000,24031702000,"Census Tract 7020, Montgomery County, Maryland",26.6
1400000US24031702101,24031702101,"Census Tract 7021.01, Montgomery County, Maryland",27.0
1400000US24031702102,24031702102,"Census Tract 7021.02, Montgomery County, Maryland",21.2
1400000US24031702200,24031702200,"Census Tract 7022, Montgomery County, Maryland",21.7
1400000US24031702301,24031702301,"Census Tract 7023.01, Montgomery County, Maryland",25.9
1400000US24031702302,24031702302,"Census Tract 7023.02, Montgomery County, Maryland",23.1
1400000US24031702401,24031702401,"Census Tract 7024.01, Montgomery County, Maryland",27.5
1400000US24031702402,24031702402,"Census Tract 7024.02, Montgomery County, Maryland",25.1
1400000US24031702500,24031702500,"Census Tract 7025, Montgomery County, Maryland",26.2
1400000US24031702601,24031702601,"Census Tract 7026.01, Montgomery County, Maryland",25.9
1400000US24031702602,24031702602,"Census Tract 7026.02, Montgomery County, Maryland",22.9
1400000US24031702700,24031702700,"Census Tract 7027, Montgomery County, Maryland",22.4
1400000US24031702800,24031702800,"Census Tract 7028, Montgomery County, Maryland",23.3
1400000US24031702900,24031702900,"Census Tract 7029, Montgomery County, Maryland",24.8
1400000US24031703000,24031703000,"Census Tract 7030, Montgomery County, Maryland",18.9
1400000US24031703100,24031703100,"Census Tract 7031, Montgomery County, Maryland",31.8
1400000US24031703201,24031703201,"Census Tract 7032.01, Montgomery County, Maryland",28.1
1400000US24031703202,24031703202,"Census Tract 7032.02, Montgomery County, Maryland",26.9
1400000US24031703203,24031703203,"Census Tract 7032.03, Montgomery County, Maryland",37.5
1400000US24031703206,24031703206,"Census Tract 7032.06, Montgomery County, Maryland",25.2
1400000US24031703207,24031703207,"Census Tract 7032.07, Montgomery County, Maryland",23.8
1400000US24031703208,24031703208,"Census Tract 7032.08, Montgomery County, Maryland",30.0
1400000US24031703209,24031703209,"Census Tract 7032.09, Montgomery County, Maryland",27.0
1400000US24031703210,24031703210,"Census Tract 7032.10, Montgomery County, Maryland",14.1
1400000US24031703211,24031703211,"Census Tract 7032.11, Montgomery County, Maryland",29.7
1400000US24031703212,24031703212,"Census Tract 7032.12, Montgomery County, Maryland",22.8
1400000US24031703213,24031703213,"Census Tract 7032.13, Montgomery County, Maryland",26.0
1400000US24031703214,24031703214,"Census Tract 7032.14, Montgomery County, Maryland",25.1
1400000US24031703215,24031703215,"Census Tract 7032.15, Montgomery County, Maryland",26.6
1400000US24031703301,24031703301,"Census Tract 7033.01, Montgomery County, Maryland",25.9
1400000US24031703302,24031703302,"Census Tract 7033.02, Montgomery County, Maryland",23.1
1400000US24031703401,24031703401,"Census Tract 7034.01, Montgomery County, Maryland",24.3
1400000US24031703402,24031703402,"Census Tract 7034.02, Montgomery County, Maryland",19.2
1400000US24031703403,24031703403,"Census Tract 7034.03, Montgomery County, Maryland",28.8
1400000US24031703404,24031703404,"Census Tract 7034.04, Montgomery County, Maryland",20.2
1400000US24031703501,24031703501,"Census Tract 7035.01, Montgomery County, Maryland",25.0
1400000US24031703502,24031703502,"Census Tract 7035.02, Montgomery County, Maryland",27.1
1400000US24031703601,24031703601,"Census Tract 7036.01, Montgomery County, Maryland",22.5
1400000US24031703602,24031703602,"Census Tract 7036.02, Montgomery County, Maryland",25.1
1400000US24031703701,24031703701,"Census Tract 7037.01, Montgomery County, Maryland",21.8
1400000US24031703702,24031703702,"Census Tract 7037.02, Montgomery County, Maryland",21.5
1400000US24031703800,24031703800,"Census Tract 7038, Montgomery County, Maryland",24.8
1400000US24031703901,24031703901,"Census Tract 7039.01, Montgomery County, Maryland",26.3
1400000US24031703902,24031703902,"Census Tract 7039.02, Montgomery County, Maryland",23.9
1400000US24031704000,24031704000,"Census Tract 7040, Montgomery County, Maryland",26.3
1400000US24031704100,24031704100,"Census Tract 7041, Montgomery County, Maryland",49.4
1400000US24031704200,24031704200,"Census Tract 7042, Montgomery County, Maryland",25.4
1400000US24031704300,24031704300,"Census Tract 7043, Montgomery County, Maryland",17.7
1400000US24031704401,24031704401,"Census Tract 7044.01, Montgomery County, Maryland",22.1
1400000US24031704402,24031704402,"Census Tract 7044.02, Montgomery County, Maryland",21.7
1400000US24031704501,24031704501,"Census Tract 7045.01, Montgomery County, Maryland",20.9
1400000US24031704502,24031704502,"Census Tract 7045.02, Montgomery County, Maryland",22.7
1400000US24031704503,24031704503,"Census Tract 7045.03, Montgomery County, Maryland",20.8
1400000US24031704600,24031704600,"Census Tract 7046, Montgomery County, Maryland",24.6
1400000US24031704700,24031704700,"Census Tract 7047, Montgomery County, Maryland",22.7
1400000US24031704801,24031704801,"Census Tract 7048.01, Montgomery County, Maryland",23.5
1400000US24031704802,24031704802,"Census Tract 7048.02, Montgomery County, Maryland",21.5
1400000US24031705000,24031705000,"Census Tract 7050, Montgomery County, Maryland",42.0
1400000US24031705100,24031705100,"Census Tract 7051, Montgomery County, Maryland",25.6
1400000US24031705200,24031705200,"Census Tract 7052, Montgomery County, Maryland",20.7
1400000US24031705300,24031705300,"Census Tract 7053, Montgomery County, Maryland",22.5
1400000US24031705400,24031705400,"Census Tract 7054, Montgomery County, Maryland",18.8
1400000US24031705500,24031705500,"Census Tract 7055, Montgomery County, Maryland",26.5
1400000US24031705601,24031705601,"Census Tract 7056.01, Montgomery County, Maryland",24.1
1400000US24031705602,24031705602,"Census Tract 7056.02, Montgomery County, Maryland",24.3
1400000US24031705701,24031705701,"Census Tract 7057.01, Montgomery County, Maryland",24.1
1400000US24031705702,24031705702,"Census Tract 7057.02, Montgomery County, Maryland",21.4
1400000US24031705800,24031705800,"Census Tract 7058, Montgomery County, Maryland",25.0
1400000US24031705901,24031705901,"Census Tract 7059.01, Montgomery County, Maryland",30.3
1400000US24031705902,24031705902,"Census Tract 7059.02, Montgomery County, Maryland",14.1
1400000US24031705903,24031705903,"Census Tract 7059.03, Montgomery County, Maryland",19.4
1400000US24031706003,24031706003,"Census Tract 7060.03, Montgomery County, Maryland",29.2
1400000US24031706004,24031706004,"Census Tract 7060.04, Montgomery County, Maryland",26.1
1400000US24031706005,24031706005,"Census Tract 7060.05, Montgomery County, Maryland",36.7
1400000US24031706007,24031706007,"Census Tract 7060.07, Montgomery County, Maryland",25.5
1400000US24031706008,24031706008,"Census Tract 7060.08, Montgomery County, Maryland",20.7
1400000US24031706009,24031706009,"Census Tract 7060.09, Montgomery County, Maryland",29.3
1400000US24033800102,24033800102,"Census Tract 8001.02, Prince George's County, Maryland",27.0
1400000US24033800103,24033800103,"Census Tract 8001.03, Prince George's County, Maryland",24.8
1400000US24033800105,24033800105,"Census Tract 8001.05, Prince George's County, Maryland",24.2
1400000US24033800106,24033800106,"Census Tract 8001.06, Prince George's County, Maryland",27.5
1400000US24033800107,24033800107,"Census Tract 8001.07, Prince George's County, Maryland",25.0
1400000US24033800202,24033800202,"Census Tract 8002.02, Prince George's County, Maryland",22.9
1400000US24033800203,24033800203,"Census Tract 8002.03, Prince George's County, Maryland",18.4
1400000US24033800206,24033800206,"Census Tract 8002.06, Prince George's County, Maryland",22.8
1400000US24033800207,24033800207,"Census Tract 8002.07, Prince George's County, Maryland",21.9
1400000US24033800208,24033800208,"Census Tract 8002.08, Prince George's County, Maryland",22.7
1400000US24033800209,24033800209,"Census Tract 8002.09, Prince George's County, Maryland",22.0
1400000US24033800210,24033800210,"Census Tract 8002.10, Prince George's County, Maryland",25.1
1400000US24033800211,24033800211,"Census Tract 8002.11, Prince George's County, Maryland",29.8
1400000US24033800401,24033800401,"Census Tract 8004.01, Prince George's County, Maryland",22.9
1400000US24033800402,24033800402,"Census Tract 8004.02, Prince George's County, Maryland",23.9
1400000US24033800403,24033800403,"Census Tract 8004.03, Prince George's County, Maryland",20.0
1400000US24033800406,24033800406,"Census Tract 8004.06, Prince George's County, Maryland",23.1
1400000US24033800407,24033800407,"Census Tract 8004.07, Prince George's County, Maryland",21.1
1400000US24033800408,24033800408,"Census Tract 8004.08, Prince George's County, Maryland",14.2
1400000US24033800409,24033800409,"Census Tract 8004.09, Prince George's County, Maryland",22.1
1400000US24033800503,24033800503,"Census Tract 8005.03, Prince George's County, Maryland",21.3
1400000US24033800504,24033800504,"Census Tract 8005.04, Prince George's County, Maryland",19.3
1400000US24033800505,24033800505,"Census Tract 8005.05, Prince George's County, Maryland",20.8
1400000US24033800507,24033800507,"Census Tract 8005.07, Prince George's County, Maryland",23.8
1400000US24033800508,24033800508,"Census Tract 8005.08, Prince George's County, Maryland",34.8
1400000US24033800509,24033800509,"Census Tract 8005.09, Prince George's County, Maryland",15.2
1400000US24033800510,24033800510,"Census Tract 8005.10, Prince George's County, Maryland",22.5
1400000US24033800511,24033800511,"Census Tract 8005.11, Prince George's County, Maryland",21.4
1400000US24033800512,24033800512,"Census Tract 8005.12, Prince George's County, Maryland",26.8
1400000US24033800601,24033800601,"Census Tract 8006.01, Prince George's County, Maryland",50.0+
1400000US24033800603,24033800603,"Census Tract 8006.03, Prince George's County, Maryland",27.1
1400000US24033800604,24033800604,"Census Tract 8006.04, Prince George's County, Maryland",23.5
1400000US24033800605,24033800605,"Census Tract 8006.05, Prince George's County, Maryland",22.4
1400000US24033800606,24033800606,"Census Tract 8006.06, Prince George's County, Maryland",25.4
1400000US24033800701,24033800701,"Census Tract 8007.01, Prince George's County, Maryland",21.3
1400000US24033800702,24033800702,"Census Tract 8007.02, Prince George's County, Maryland",17.3
1400000US24033800703,24033800703,"Census Tract 8007.03, Prince George's County, Maryland",26.0
1400000US24033800800,24033800800,"Census Tract 8008, Prince George's County, Maryland",20.0
1400000US24033800900,24033800900,"Census Tract 8009, Prince George's County, Maryland",16.3
1400000US24033801001,24033801001,"Census Tract 8010.01, Prince George's County, Maryland",19.9
1400000US24033801002,24033801002,"Census Tract 8010.02, Prince George's County, Maryland",20.8
1400000US24033801104,24033801104,"Census Tract 8011.04, Prince George's County, Maryland",24.3
1400000US24033801202,24033801202,"Census Tract 8012.02, Prince George's County, Maryland",17.1
1400000US24033801203,24033801203,"Census Tract 8012.03, Prince George's County, Maryland",21.7
1400000US24033801204,24033801204,"Census Tract 8012.04, Prince George's County, Maryland",27.5
1400000US24033801205,24033801205,"Census Tract 8012.05, Prince George's County, Maryland",26.4
1400000US24033801206,24033801206,"Census Tract 8012.06, Prince George's County, Maryland",26.3
1400000US24033801207,24033801207,"Census Tract 8012.07, Prince George's County, Maryland",21.7
1400000US24033801301,24033801301,"Census Tract 8013.01, Prince George's County, Maryland",26.1
1400000US24033801302,24033801302,"Census Tract 8013.02, Prince George's County, Maryland",18.5
1400000US24033801305,24033801305,"Census Tract 8013.05, Prince George's County, Maryland",15.8
1400000US24033801306,24033801306,"Census Tract 8013.06, Prince George's County, Maryland",24.0
1400000US24033801307,24033801307,"Census Tract 8013.07, Prince George's County, Maryland",19.5
1400000US24033801308,24033801308,"Census Tract 8013.08, Prince George's County, Maryland",30.8
1400000US24033801309,24033801309,"Census Tract 8013.09, Prince George's County, Maryland",23.6
1400000US24033801402,24033801402,"Census Tract 8014.02, Prince George's County, Maryland",22.6
1400000US24033801403,24033801403,"Census Tract 8014.03, Prince George's County, Maryland",26.2
1400000US24033801404,24033801404,"Census Tract 8014.04, Prince George's County, Maryland",22.4
1400000US24033801405,24033801405,"Census Tract 8014.05, Prince George's County, Maryland",25.1
1400000US24033801406,24033801406,"Census Tract 8014.06, Prince George's County, Maryland",21.8
1400000US24033801407,24033801407,"Census Tract 8014.07, Prince George's County, Maryland",23.5
1400000US24033801500,24033801500,"Census Tract 8015, Prince George's County, Maryland",36.3
1400000US24033801600,24033801600,"Census Tract 8016, Prince George's County, Maryland",29.5
1400000US24033801701,24033801701,"Census Tract 8017.01, Prince George's County, Maryland",23.3
1400000US24033801702,24033801702,"Census Tract 8017.02, Prince George's County, Maryland",24.4
1400000US24033801704,24033801704,"Census Tract 8017.04, Prince George's County, Maryland",25.1
1400000US24033801706,24033801706,"Census Tract 8017.06, Prince George's County, Maryland",24.1
1400000US24033801707,24033801707,"Census Tract 8017.07, Prince George's County, Maryland",26.1
1400000US24033801708,24033801708,"Census Tract 8017.08, Prince George's County, Maryland",26.4
1400000US24033801801,24033801801,"Census Tract 8018.01, Prince George's County, Maryland",25.8
1400000US24033801802,24033801802,"Census Tract 8018.02, Prince George's County, Maryland",25.1
1400000US24033801804,24033801804,"Census Tract 8018.04, Prince George's County, Maryland",27.7
1400000US24033801805,24033801805,"Census Tract 8018.05, Prince George's County, Maryland",22.7
1400000US24033801807,24033801807,"Census Tract 8018.07, Prince George's County, Maryland",24.4
1400000US24033801808,24033801808,"Census Tract 8018.08, Prince George's County, Maryland",24.0
1400000US24033801901,24033801901,"Census Tract 8019.01, Prince George's County, Maryland",30.9
1400000US24033801902,24033801902,"Census Tract 8019.02, Prince George's County, Maryland",23.7
1400000US24033801904,24033801904,"Census Tract 8019.04, Prince George's County, Maryland",25.9
1400000US24033801905,24033801905,"Census Tract 8019.05, Prince George's County, Maryland",21.5
1400000US24033801906,24033801906,"Census Tract 8019.06, Prince George's County, Maryland",23.7
1400000US24033802001,24033802001,"Census Tract 8020.01, Prince George's County, Maryland",23.2
1400000US24033802002,24033802002,"Census Tract 8020.02, Prince George's County, Maryland",18.6
1400000US24033802103,24033802103,"Census Tract 8021.03, Prince George's County, Maryland",26.1
1400000US24033802104,24033802104,"Census Tract 8021.04, Prince George's County, Maryland",26.9
1400000US24033802105,24033802105,"Census Tract 8021.05, Prince George's County, Maryland",26.2
1400000US24033802201,24033802201,"Census Tract 8022.01, Prince George's County, Maryland",22.6
1400000US24033802203,24033802203,"Census Tract 8022.03, Prince George's County, Maryland",25.6
1400000US24033802204,24033802204,"Census Tract 8022.04, Prince George's County, Maryland",27.7
1400000US24033802301,24033802301,"Census Tract 8023.01, Prince George's County, Maryland",27.6
1400000US24033802403,24033802403,"Census Tract 8024.03, Prince George's County, Maryland",25.1
1400000US24033802404,24033802404,"Census Tract 8024.04, Prince George's County, Maryland",23.8
1400000US24033802405,24033802405,"Census Tract 8024.05, Prince George's County, Maryland",23.8
1400000US24033802406,24033802406,"Census Tract 8024.06, Prince George's County, Maryland",21.1
1400000US24033802501,24033802501,"Census Tract 8025.01, Prince George's County, Maryland",25.9
1400000US24033802502,24033802502,"Census Tract 8025.02, Prince George's County, Maryland",23.3
1400000US24033802600,24033802600,"Census Tract 8026, Prince George's County, Maryland",24.9
1400000US24033802700,24033802700,"Census Tract 8027, Prince George's County, Maryland",23.1
1400000US24033802803,24033802803,"Census Tract 8028.03, Prince George's County, Maryland",28.0
1400000US24033802804,24033802804,"Census Tract 8028.04, Prince George's County, Maryland",25.6
1400000US24033802805,24033802805,"Census Tract 8028.05, Prince George's County, Maryland",28.4
1400000US24033802901,24033802901,"Census Tract 8029.01, Prince George's County, Maryland",27.8
1400000US24033803001,24033803001,"Census Tract 8030.01, Prince George's County, Maryland",23.5
1400000US24033803002,24033803002,"Census Tract 8030.02, Prince George's County, Maryland",26.4
1400000US24033803100,24033803100,"Census Tract 8031, Prince George's County, Maryland",26.6
1400000US24033803200,24033803200,"Census Tract 8032, Prince George's County, Maryland",29.4
1400000US24033803300,24033803300,"Census Tract 8033, Prince George's County, Maryland",30.7
1400000US24033803401,24033803401,"Census Tract 8034.01, Prince George's County, Maryland",44.2
1400000US24033803402,24033803402,"Census Tract 8034.02, Prince George's County, Maryland",25.6
1400000US24033803505,24033803505,"Census Tract 8035.05, Prince George's County, Maryland",25.6
1400000US24033803508,24033803508,"Census Tract 8035.08, Prince George's County, Maryland",26.4
1400000US24033803509,24033803509,"Census Tract 8035.09, Prince George's County, Maryland",28.9
1400000US24033803512,24033803512,"Census Tract 8035.12, Prince George's County, Maryland",29.7
1400000US24033803513,24033803513,"Census Tract 8035.13, Prince George's County, Maryland",23.4
1400000US24033803514,24033803514,"Census Tract 8035.14, Prince George's County, Maryland",32.0
1400000US24033803515,24033803515,"Census Tract 8035.15, Prince George's County, Maryland",26.3
1400000US24033803516,24033803516,"Census Tract 8035.16, Prince George's County, Maryland",27.5
1400000US24033803517,24033803517,"Census Tract 8035.17, Prince George's County, Maryland",41.7
1400000US24033803518,24033803518,"Census Tract 8035.18, Prince George's County, Maryland",26.5
1400000US24033803519,24033803519,"Census Tract 8035.19, Prince George's County, Maryland",34.2
1400000US24033803601,24033803601,"Census Tract 8036.01, Prince George's County, Maryland",40.7
1400000US24033803602,24033803602,"Census Tract 8036.02, Prince George's County, Maryland",28.1
1400000US24033803605,24033803605,"Census Tract 8036.05, Prince George's County, Maryland",20.7
1400000US24033803606,24033803606,"Census Tract 8036.06, Prince George's County, Maryland",34.4
1400000US24033803607,24033803607,"Census Tract 8036.07, Prince George's County, Maryland",37.5
1400000US24033803608,24033803608,"Census Tract 8036.08, Prince George's County, Maryland",22.4
1400000US24033803610,24033803610,"Census Tract 8036.10, Prince George's County, Maryland",23.5
1400000US24033803612,24033803612,"Census Tract 8036.12, Prince George's County, Maryland",26.4
1400000US24033803613,24033803613,"Census Tract 8036.13, Prince George's County, Maryland",24.9
1400000US24033803700,24033803700,"Census Tract 8037, Prince George's County, Maryland",30.5
1400000US24033803801,24033803801,"Census Tract 8038.01, Prince George's County, Maryland",23.8
1400000US24033803803,24033803803,"Census Tract 8038.03, Prince George's County, Maryland",23.3
1400000US24033803900,24033803900,"Census Tract 8039, Prince George's County, Maryland",29.0
1400000US24033804001,24033804001,"Census Tract 8040.01, Prince George's County, Maryland",26.6
1400000US24033804002,24033804002,"Census Tract 8040.02, Prince George's County, Maryland",23.5
1400000US24033804101,24033804101,"Census Tract 8041.01, Prince George's County, Maryland",20.3
1400000US24033804102,24033804102,"Census Tract 8041.02, Prince George's County, Maryland",24.0
1400000US24033804200,24033804200,"Census Tract 8042, Prince George's County, Maryland",21.9
1400000US24033804300,24033804300,"Census Tract 8043, Prince George's County, Maryland",27.3
1400000US24033804400,24033804400,"Census Tract 8044, Prince George's County, Maryland",30.1
1400000US24033804600,24033804600,"Census Tract 8046, Prince George's County, Maryland",19.8
1400000US24033804700,24033804700,"Census Tract 8047, Prince George's County, Maryland",22.5
1400000US24033804800,24033804800,"Census Tract 8048, Prince George's County, Maryland",25.5
1400000US24033804900,24033804900,"Census Tract 8049, Prince George's County, Maryland",25.4
1400000US24033805000,24033805000,"Census Tract 8050, Prince George's County, Maryland",28.1
1400000US24033805101,24033805101,"Census Tract 8051.01, Prince George's County, Maryland",21.7
1400000US24033805201,24033805201,"Census Tract 8052.01, Prince George's County, Maryland",22.7
1400000US24033805202,24033805202,"Census Tract 8052.02, Prince George's County, Maryland",23.8
1400000US24033805500,24033805500,"Census Tract 8055, Prince George's County, Maryland",26.4
1400000US24033805601,24033805601,"Census Tract 8056.01, Prince George's County, Maryland",23.2
1400000US24033805602,24033805602,"Census Tract 8056.02, Prince George's County, Maryland",22.9
1400000US24033805700,24033805700,"Census Tract 8057, Prince George's County, Maryland",28.8
1400000US24033805801,24033805801,"Census Tract 8058.01, Prince George's County, Maryland",26.8
1400000US24033805802,24033805802,"Census Tract 8058.02, Prince George's County, Maryland",22.5
1400000US24033805901,24033805901,"Census Tract 8059.01, Prince George's County, Maryland",24.2
1400000US24033805904,24033805904,"Census Tract 8059.04, Prince George's County, Maryland",23.4
1400000US24033805905,24033805905,"Census Tract 8059.05, Prince George's County, Maryland",25.4
1400000US24033806000,24033806000,"Census Tract 8060, Prince George's County, Maryland",23.5
1400000US24033806100,24033806100,"Census Tract 8061, Prince George's County, Maryland",23.4
1400000US24033806200,24033806200,"Census Tract 8062, Prince George's County, Maryland",23.0
1400000US24033806300,24033806300,"Census Tract 8063, Prince George's County, Maryland",23.6
1400000US24033806400,24033806400,"Census Tract 8064, Prince George's County, Maryland",26.1
1400000US24033806501,24033806501,"Census Tract 8065.01, Prince George's County, Maryland",23.8
1400000US24033806601,24033806601,"Census Tract 8066.01, Prince George's County, Maryland",27.3
1400000US24033806602,24033806602,"Census Tract 8066.02, Prince George's County, Maryland",24.4
1400000US24033806703,24033806703,"Census Tract 8067.03, Prince George's County, Maryland",25.7
1400000US24033806706,24033806706,"Census Tract 8067.06, Prince George's County, Maryland",20.3
1400000US24033806708,24033806708,"Census Tract 8067.08, Prince George's County, Maryland",23.2
1400000US24033806710,24033806710,"Census Tract 8067.10, Prince George's County, Maryland",23.7
1400000US24033806711,24033806711,"Census Tract 8067.11, Prince George's County, Maryland",24.9
1400000US24033806712,24033806712,"Census Tract 8067.12, Prince George's County, Maryland",22.7
1400000US24033806800,24033806800,"Census Tract 8068, Prince George's County, Maryland",19.6
1400000US24033806900,24033806900,"Census Tract 8069, Prince George's County, Maryland",26.5
1400000US24033807000,24033807000,"Census Tract 8070, Prince George's County, Maryland",29.7
1400000US24033807102,24033807102,"Census Tract 8071.02, Prince George's County, Maryland",20.7
1400000US24033807200,24033807200,"Census Tract 8072, Prince George's County, Maryland",44.3
1400000US24033807301,24033807301,"Census Tract 8073.01, Prince George's County, Maryland",31.2
1400000US24033807304,24033807304,"Census Tract 8073.04, Prince George's County, Maryland",30.4
1400000US24033807305,24033807305,"Census Tract 8073.05, Prince George's County, Maryland",32.2
1400000US24033807404,24033807404,"Census Tract 8074.04, Prince George's County, Maryland",22.9
1400000US24033807405,24033807405,"Census Tract 8074.05, Prince George's County, Maryland",23.1
1400000US24033807406,24033807406,"Census Tract 8074.06, Prince George's County, Maryland",23.7
1400000US24033807407,24033807407,"Census Tract 8074.07, Prince George's County, Maryland",22.6
1400000US24033807408,24033807408,"Census Tract 8074.08, Prince George's County, Maryland",26.2
1400000US51013100100,51013100100,"Census Tract 1001, Arlington County, Virginia",18.5
1400000US51013100200,51013100200,"Census Tract 1002, Arlington County, Virginia",20.1
1400000US51013100300,51013100300,"Census Tract 1003, Arlington County, Virginia",26.7
1400000US51013100400,51013100400,"Census Tract 1004, Arlington County, Virginia",25.5
1400000US51013100500,51013100500,"Census Tract 1005, Arlington County, Virginia",19.1
1400000US51013100600,51013100600,"Census Tract 1006, Arlington County, Virginia",22.2
1400000US51013100700,51013100700,"Census Tract 1007, Arlington County, Virginia",20.6
1400000US51013100800,51013100800,"Census Tract 1008, Arlington County, Virginia",23.6
1400000US51013100900,51013100900,"Census Tract 1009, Arlington County, Virginia",23.1
1400000US51013101000,51013101000,"Census Tract 1010, Arlington County, Virginia",22.8
1400000US51013101100,51013101100,"Census Tract 1011, Arlington County, Virginia",19.9
1400000US51013101200,51013101200,"Census Tract 1012, Arlington County, Virginia",28.5
1400000US51013101300,51013101300,"Census Tract 1013, Arlington County, Virginia",21.8
1400000US51013101400,51013101400,"Census Tract 1014, Arlington County, Virginia",22.6
1400000US51013101500,51013101500,"Census Tract 1015, Arlington County, Virginia",20.9
1400000US51013101600,51013101600,"Census Tract 1016, Arlington County, Virginia",23.0
1400000US51013101700,51013101700,"Census Tract 1017, Arlington County, Virginia",23.5
1400000US51013101800,51013101800,"Census Tract 1018, Arlington County, Virginia",22.9
1400000US51013101900,51013101900,"Census Tract 1019, Arlington County, Virginia",22.4
1400000US51013102000,51013102000,"Census Tract 1020, Arlington County, Virginia",24.8
1400000US51013102100,51013102100,"Census Tract 1021, Arlington County, Virginia",24.4
1400000US51013102200,51013102200,"Census Tract 1022, Arlington County, Virginia",27.1
1400000US51013102300,51013102300,"Census Tract 1023, Arlington County, Virginia",21.9
1400000US51013102400,51013102400,"Census Tract 1024, Arlington County, Virginia",22.4
1400000US51013102500,51013102500,"Census Tract 1025, Arlington County, Virginia",25.2
1400000US51013102600,51013102600,"Census Tract 1026, Arlington County, Virginia",21.4
1400000US51013102700,51013102700,"Census Tract 1027, Arlington County, Virginia",26.0
1400000US51013102800,51013102800,"Census Tract 1028, Arlington County, Virginia",25.6
1400000US51013102900,51013102900,"Census Tract 1029, Arlington County, Virginia",22.4
1400000US51013103000,51013103000,"Census Tract 1030, Arlington County, Virginia",19.6
1400000US51013103100,51013103100,"Census Tract 1031, Arlington County, Virginia",25.2
1400000US51013103200,51013103200,"Census Tract 1032, Arlington County, Virginia",23.7
1400000US51013103300,51013103300,"Census Tract 1033, Arlington County, Virginia",18.9
1400000US51013103401,51013103401,"Census Tract 1034.01, Arlington County, Virginia",32.5
1400000US51013103402,51013103402,"Census Tract 1034.02, Arlington County, Virginia",23.0
1400000US51013103500,51013103500,"Census Tract 1035, Arlington County, Virginia",23.3
1400000US51013103600,51013103600,"Census Tract 1036, Arlington County, Virginia",22.2
1400000US51013103700,51013103700,"Census Tract 1037, Arlington County, Virginia",17.9
1400000US51013103800,51013103800,"Census Tract 1038, Arlington County, Virginia",22.2
1400000US51059415100,51059415100,"Census Tract 4151, Fairfax County, Virginia",21.1
1400000US51059415200,51059415200,"Census Tract 4152, Fairfax County, Virginia",21.3
1400000US51059415300,51059415300,"Census Tract 4153, Fairfax County, Virginia",33.4
1400000US51059415400,51059415400,"Census Tract 4154, Fairfax County, Virginia",24.3
1400000US51059415500,51059415500,"Census Tract 4155, Fairfax County, Virginia",27.0
1400000US51059415600,51059415600,"Census Tract 4156, Fairfax County, Virginia",21.3
1400000US51059415700,51059415700,"Census Tract 4157, Fairfax County, Virginia",26.9
1400000US51059415800,51059415800,"Census Tract 4158, Fairfax County, Virginia",22.6
1400000US51059415900,51059415900,"Census Tract 4159, Fairfax County, Virginia",21.9
1400000US51059416000,51059416000,"Census Tract 4160, Fairfax County, Virginia",24.7
1400000US51059416100,51059416100,"Census Tract 4161, Fairfax County, Virginia",22.3
1400000US51059416200,51059416200,"Census Tract 4162, Fairfax County, Virginia",28.3
1400000US51059416300,51059416300,"Census Tract 4163, Fairfax County, Virginia",23.5
1400000US51059420100,51059420100,"Census Tract 4201, Fairfax County, Virginia",23.4
1400000US51059420200,51059420200,"Census Tract 4202, Fairfax County, Virginia",22.4
1400000US51059420300,51059420300,"Census Tract 4203, Fairfax County, Virginia",21.5
1400000US51059420400,51059420400,"Census Tract 4204, Fairfax County, Virginia",23.4
1400000US51059420500,51059420500,"Census Tract 4205, Fairfax County, Virginia",21.3
1400000US51059420600,51059420600,"Census Tract 4206, Fairfax County, Virginia",23.9
1400000US51059420700,51059420700,"Census Tract 4207, Fairfax County, Virginia",21.5
1400000US51059420800,51059420800,"Census Tract 4208, Fairfax County, Virginia",20.0
1400000US51059421000,51059421000,"Census Tract 4210, Fairfax County, Virginia",25.5
1400000US51059421100,51059421100,"Census Tract 4211, Fairfax County, Virginia",22.1
1400000US51059421200,51059421200,"Census Tract 4212, Fairfax County, Virginia",20.1
1400000US51059421300,51059421300,"Census Tract 4213, Fairfax County, Virginia",22.1
1400000US51059421400,51059421400,"Census Tract 4214, Fairfax County, Virginia",24.2
1400000US51059421500,51059421500,"Census Tract 4215, Fairfax County, Virginia",24.9
1400000US51059421600,51059421600,"Census Tract 4216, Fairfax County, Virginia",25.0
1400000US51059421700,51059421700,"Census Tract 4217, Fairfax County, Virginia",26.1
1400000US51059421800,51059421800,"Census Tract 4218, Fairfax County, Virginia",28.7
1400000US51059421900,51059421900,"Census Tract 4219, Fairfax County, Virginia",37.7
1400000US51059422000,51059422000,"Census Tract 4220, Fairfax County, Virginia",35.1
1400000US51059422100,51059422100,"Census Tract 4221, Fairfax County, Virginia",25.6
1400000US51059422200,51059422200,"Census Tract 4222, Fairfax County, Virginia",0.0
1400000US51059422300,51059422300,"Census Tract 4223, Fairfax County, Virginia",23.4
1400000US51059422400,51059422400,"Census Tract 4224, Fairfax County, Virginia",22.5
1400000US51059430100,51059430100,"Census Tract 4301, Fairfax County, Virginia",25.9
1400000US51059430200,51059430200,"Census Tract 4302, Fairfax County, Virginia",23.6
1400000US51059430400,51059430400,"Census Tract 4304, Fairfax County, Virginia",20.1
1400000US51059430500,51059430500,"Census Tract 4305, Fairfax County, Virginia",23.8
1400000US51059430600,51059430600,"Census Tract 4306, Fairfax County, Virginia",26.3
1400000US51059430700,51059430700,"Census Tract 4307, Fairfax County, Virginia",21.1
1400000US51059430800,51059430800,"Census Tract 4308, Fairfax County, Virginia",22.1
1400000US51059430900,51059430900,"Census Tract 4309, Fairfax County, Virginia",23.2
1400000US51059431000,51059431000,"Census Tract 4310, Fairfax County, Virginia",20.4
1400000US51059431300,51059431300,"Census Tract 4313, Fairfax County, Virginia",23.8
1400000US51059431400,51059431400,"Census Tract 4314, Fairfax County, Virginia",21.4
1400000US51059431500,51059431500,"Census Tract 4315, Fairfax County, Virginia",22.2
1400000US51059431600,51059431600,"Census Tract 4316, Fairfax County, Virginia",25.0
1400000US51059431800,51059431800,"Census Tract 4318, Fairfax County, Virginia",22.2
1400000US51059431900,51059431900,"Census Tract 4319, Fairfax County, Virginia",23.8
1400000US51059432000,51059432000,"Census Tract 4320, Fairfax County, Virginia",23.6
1400000US51059432100,51059432100,"Census Tract 4321, Fairfax County, Virginia",22.3
1400000US51059432200,51059432200,"Census Tract 4322, Fairfax County, Virginia",25.8
1400000US51059432300,51059432300,"Census Tract 4323, Fairfax County, Virginia",22.7
1400000US51059432400,51059432400,"Census Tract 4324, Fairfax County, Virginia",17.6
1400000US51059432500,51059432500,"Census Tract 4325, Fairfax County, Virginia",21.7
1400000US51059432600,51059432600,"Census Tract 4326, Fairfax County, Virginia",26.8
1400000US51059432700,51059432700,"Census Tract 4327, Fairfax County, Virginia",19.5
1400000US51059432800,51059432800,"Census Tract 4328, Fairfax County, Virginia",21.5
1400000US51059440100,51059440100,"Census Tract 4401, Fairfax County, Virginia",31.5
1400000US51059440200,51059440200,"Census Tract 4402, Fairfax County, Virginia",24.0
1400000US51059440300,51059440300,"Census Tract 4403, Fairfax County, Virginia",21.8
1400000US51059440500,51059440500,"Census Tract 4405, Fairfax County, Virginia",25.6
1400000US51059440600,51059440600,"Census Tract 4406, Fairfax County, Virginia",19.4
1400000US51059440700,51059440700,"Census Tract 4407, Fairfax County, Virginia",25.1
1400000US51059440800,51059440800,"Census Tract 4408, Fairfax County, Virginia",34.9
1400000US51059450100,51059450100,"Census Tract 4501, Fairfax County, Virginia",19.8
1400000US51059450200,51059450200,"Census Tract 4502, Fairfax County, Virginia",23.8
1400000US51059450300,51059450300,"Census Tract 4503, Fairfax County, Virginia",22.5
1400000US51059450400,51059450400,"Census Tract 4504, Fairfax County, Virginia",19.1
1400000US51059450500,51059450500,"Census Tract 4505, Fairfax County, Virginia",24.1
1400000US51059450600,51059450600,"Census Tract 4506, Fairfax County, Virginia",25.2
1400000US51059450700,51059450700,"Census Tract 4507, Fairfax County, Virginia",23.6
1400000US51059450800,51059450800,"Census Tract 4508, Fairfax County, Virginia",25.5
1400000US51059450900,51059450900,"Census Tract 4509, Fairfax County, Virginia",19.3
1400000US51059451000,51059451000,"Census Tract 4510, Fairfax County, Virginia",26.5
1400000US51059451100,51059451100,"Census Tract 4511, Fairfax County, Virginia",23.3
1400000US51059451200,51059451200,"Census Tract 4512, Fairfax County, Virginia",32.7
1400000US51059451300,51059451300,"Census Tract 4513, Fairfax County, Virginia",22.0
1400000US51059451400,51059451400,"Census Tract 4514, Fairfax County, Virginia",25.4
1400000US51059451500,51059451500,"Census Tract 4515, Fairfax County, Virginia",27.9
1400000US51059451600,51059451600,"Census Tract 4516, Fairfax County, Virginia",23.7
1400000US51059451800,51059451800,"Census Tract 4518, Fairfax County, Virginia",16.4
1400000US51059451900,51059451900,"Census Tract 4519, Fairfax County, Virginia",23.9
1400000US51059452000,51059452000,"Census Tract 4520, Fairfax County, Virginia",27.2
1400000US51059452100,51059452100,"Census Tract 4521, Fairfax County, Virginia",20.6
1400000US51059452200,51059452200,"Census Tract 4522, Fairfax County, Virginia",22.1
1400000US51059452300,51059452300,"Census Tract 4523, Fairfax County, Virginia",24.1
1400000US51059452400,51059452400,"Census Tract 4524, Fairfax County, Virginia",25.3
1400000US51059452500,51059452500,"Census Tract 4525, Fairfax County, Virginia",25.4
1400000US51059452600,51059452600,"Census Tract 4526, Fairfax County, Virginia",23.4
1400000US51059452700,51059452700,"Census Tract 4527, Fairfax County, Virginia",24.1
1400000US51059452800,51059452800,"Census Tract 4528, Fairfax County, Virginia",24.0
1400000US51059460100,51059460100,"Census Tract 4601, Fairfax County, Virginia",31.1
1400000US51059460200,51059460200,"Census Tract 4602, Fairfax County, Virginia",21.8
1400000US51059460300,51059460300,"Census Tract 4603, Fairfax County, Virginia",20.0
1400000US51059460400,51059460400,"Census Tract 4604, Fairfax County, Virginia",24.6
1400000US51059460500,51059460500,"Census Tract 4605, Fairfax County, Virginia",25.8
1400000US51059460600,51059460600,"Census Tract 4606, Fairfax County, Virginia",19.1
1400000US51059460700,51059460700,"Census Tract 4607, Fairfax County, Virginia",21.9
1400000US51059460800,51059460800,"Census Tract 4608, Fairfax County, Virginia",27.9
1400000US51059460900,51059460900,"Census Tract 4609, Fairfax County, Virginia",19.3
1400000US51059461000,51059461000,"Census Tract 4610, Fairfax County, Virginia",17.4
1400000US51059461100,51059461100,"Census Tract 4611, Fairfax County, Virginia",20.6
1400000US51059461200,51059461200,"Census Tract 4612, Fairfax County, Virginia",20.3
1400000US51059461500,51059461500,"Census Tract 4615, Fairfax County, Virginia",20.7
1400000US51059461600,51059461600,"Census Tract 4616, Fairfax County, Virginia",21.7
1400000US51059461700,51059461700,"Census Tract 4617, Fairfax County, Virginia",22.5
1400000US51059461800,51059461800,"Census Tract 4618, Fairfax County, Virginia",21.3
1400000US51059461900,51059461900,"Census Tract 4619, Fairfax County, Virginia",25.5
1400000US51059470100,51059470100,"Census Tract 4701, Fairfax County, Virginia",24.5
1400000US51059470200,51059470200,"Census Tract 4702, Fairfax County, Virginia",0.0
1400000US51059470300,51059470300,"Census Tract 4703, Fairfax County, Virginia",28.4
1400000US51059470400,51059470400,"Census Tract 4704, Fairfax County, Virginia",28.8
1400000US51059470500,51059470500,"Census Tract 4705, Fairfax County, Virginia",24.3
1400000US51059470600,51059470600,"Census Tract 4706, Fairfax County, Virginia",26.8
1400000US51059470700,51059470700,"Census Tract 4707, Fairfax County, Virginia",22.6
1400000US51059470800,51059470800,"Census Tract 4708, Fairfax County, Virginia",28.5
1400000US51059470900,51059470900,"Census Tract 4709, Fairfax County, Virginia",20.5
1400000US51059471000,51059471000,"Census Tract 4710, Fairfax County, Virginia",19.8
1400000US51059471100,51059471100,"Census Tract 4711, Fairfax County, Virginia",22.2
1400000US51059471200,51059471200,"Census Tract 4712, Fairfax County, Virginia",20.8
1400000US51059471300,51059471300,"Census Tract 4713, Fairfax County, Virginia",20.6
1400000US51059471400,51059471400,"Census Tract 4714, Fairfax County, Virginia",21.9
1400000US51059480100,51059480100,"Census Tract 4801, Fairfax County, Virginia",19.7
1400000US51059480200,51059480200,"Census Tract 4802, Fairfax County, Virginia",21.1
1400000US51059480300,51059480300,"Census Tract 4803, Fairfax County, Virginia",20.0
1400000US51059480400,51059480400,"Census Tract 4804, Fairfax County, Virginia",37.0
1400000US51059480500,51059480500,"Census Tract 4805, Fairfax County, Virginia",23.4
1400000US51059480800,51059480800,"Census Tract 4808, Fairfax County, Virginia",20.5
1400000US51059480900,51059480900,"Census Tract 4809, Fairfax County, Virginia",23.9
1400000US51059481000,51059481000,"Census Tract 4810, Fairfax County, Virginia",22.9
1400000US51059481100,51059481100,"Census Tract 4811, Fairfax County, Virginia",26.1
1400000US51059481200,51059481200,"Census Tract 4812, Fairfax County, Virginia",23.9
1400000US51059481400,51059481400,"Census Tract 4814, Fairfax County, Virginia",25.9
1400000US51059481500,51059481500,"Census Tract 4815, Fairfax County, Virginia",27.1
1400000US51059481600,51059481600,"Census Tract 4816, Fairfax County, Virginia",24.0
1400000US51059481700,51059481700,"Census Tract 4817, Fairfax County, Virginia",21.9
1400000US51059481900,51059481900,"Census Tract 4819, Fairfax County, Virginia",26.2
1400000US51059482000,51059482000,"Census Tract 4820, Fairfax County, Virginia",19.8
1400000US51059482100,51059482100,"Census Tract 4821, Fairfax County, Virginia",19.9
1400000US51059482200,51059482200,"Census Tract 4822, Fairfax County, Virginia",23.3
1400000US51059482300,51059482300,"Census Tract 4823, Fairfax County, Virginia",18.9
1400000US51059482400,51059482400,"Census Tract 4824, Fairfax County, Virginia",19.7
1400000US51059482500,51059482500,"Census Tract 4825, Fairfax County, Virginia",25.0
1400000US51059482600,51059482600,"Census Tract 4826, Fairfax County, Virginia",19.0
1400000US51059490100,51059490100,"Census Tract 4901, Fairfax County, Virginia",26.6
1400000US51059490500,51059490500,"Census Tract 4905, Fairfax County, Virginia",25.1
1400000US51059490900,51059490900,"Census Tract 4909, Fairfax County, Virginia",17.5
1400000US51059491000,51059491000,"Census Tract 4910, Fairfax County, Virginia",0.0
1400000US51059491100,51059491100,"Census Tract 4911, Fairfax County, Virginia",23.8
1400000US51059491200,51059491200,"Census Tract 4912, Fairfax County, Virginia",23.3
1400000US51059491300,51059491300,"Census Tract 4913, Fairfax County, Virginia",23.1
1400000US51059491400,51059491400,"Census Tract 4914, Fairfax County, Virginia",22.9
1400000US51059491500,51059491500,"Census Tract 4915, Fairfax County, Virginia",17.3
1400000US51059491600,51059491600,"Census Tract 4916, Fairfax County, Virginia",21.4
1400000US51059491700,51059491700,"Census Tract 4917, Fairfax County, Virginia",23.2
1400000US51059491800,51059491800,"Census Tract 4918, Fairfax County, Virginia",23.1
1400000US51059491900,51059491900,"Census Tract 4919, Fairfax County, Virginia",25.0
1400000US51059492000,51059492000,"Census Tract 4920, Fairfax County, Virginia",15.3
1400000US51059492100,51059492100,"Census Tract 4921, Fairfax County, Virginia",27.5
1400000US51059492200,51059492200,"Census Tract 4922, Fairfax County, Virginia",22.3
1400000US51059492300,51059492300,"Census Tract 4923, Fairfax County, Virginia",22.3
1400000US51059492400,51059492400,"Census Tract 4924, Fairfax County, Virginia",21.6
1400000US51510200101,51510200101,"Census Tract 2001.01, Alexandria city, Virginia",24.4
1400000US51510200102,51510200102,"Census Tract 2001.02, Alexandria city, Virginia",23.2
1400000US51510200103,51510200103,"Census Tract 2001.03, Alexandria city, Virginia",24.9
1400000US51510200104,51510200104,"Census Tract 2001.04, Alexandria city, Virginia",25.1
1400000US51510200105,51510200105,"Census Tract 2001.05, Alexandria city, Virginia",23.7
1400000US51510200201,51510200201,"Census Tract 2002.01, Alexandria city, Virginia",23.2
1400000US51510200202,51510200202,"Census Tract 2002.02, Alexandria city, Virginia",22.1
1400000US51510200301,51510200301,"Census Tract 2003.01, Alexandria city, Virginia",23.3
1400000US51510200302,51510200302,"Census Tract 2003.02, Alexandria city, Virginia",22.1
1400000US51510200303,51510200303,"Census Tract 2003.03, Alexandria city, Virginia",24.9
1400000US51510200401,51510200401,"Census Tract 2004.01, Alexandria city, Virginia",23.7
1400000US51510200402,51510200402,"Census Tract 2004.02, Alexandria city, Virginia",25.2
1400000US51510200500,51510200500,"Census Tract 2005, Alexandria city, Virginia",26.1
1400000US51510200600,51510200600,"Census Tract 2006, Alexandria city, Virginia",27.7
1400000US51510200700,51510200700,"Census Tract 2007, Alexandria city, Virginia",22.2
1400000US51510200801,51510200801,"Census Tract 2008.01, Alexandria city, Virginia",23.4
1400000US51510200802,51510200802,"Census Tract 2008.02, Alexandria city, Virginia",23.6
1400000US51510200900,51510200900,"Census Tract 2009, Alexandria city, Virginia",19.3
1400000US51510201000,51510201000,"Census Tract 2010, Alexandria city, Virginia",20.3
1400000US51510201100,51510201100,"Census Tract 2011, Alexandria city, Virginia",20.4
1400000US51510201202,51510201202,"Census Tract 2012.02, Alexandria city, Virginia",21.7
1400000US51510201203,51510201203,"Census Tract 2012.03, Alexandria city, Virginia",23.9
1400000US51510201204,51510201204,"Census Tract 2012.04, Alexandria city, Virginia",21.2
1400000US51510201300,51510201300,"Census Tract 2013, Alexandria city, Virginia",22.7
1400000US51510201400,51510201400,"Census Tract 2014, Alexandria city, Virginia",21.8
1400000US51510201500,51510201500,"Census Tract 2015, Alexandria city, Virginia",21.7
1400000US51510201600,51510201600,"Census Tract 2016, Alexandria city, Virginia",21.5
1400000US51510201801,51510201801,"Census Tract 2018.01, Alexandria city, Virginia",21.8
1400000US51510201802,51510201802,"Census Tract 2018.02, Alexandria city, Virginia",22.3
1400000US51510201900,51510201900,"Census Tract 2019, Alexandria city, Virginia",20.1
1400000US51510202001,51510202001,"Census Tract 2020.01, Alexandria city, Virginia",17.1
1400000US51510202002,51510202002,"Census Tract 2020.02, Alexandria city, Virginia",22.2
1400000US51610500100,51610500100,"Census Tract 5001, Falls Church city, Virginia",17.6
1400000US51610500200,51610500200,"Census Tract 5002, Falls Church city, Virginia",25.3
1400000US51610500300,51610500300,"Census Tract 5003, Falls Church city, Virginia",23.5
